<?xml version="1.0"?>
<opencv_storage>
<stage4>
  <maxWeakCount>12</maxWeakCount>
  <stageThreshold>-1.9754114151000977e+00</stageThreshold>
  <weakClassifiers>
    <_>
      <internalNodes>
        0 -1 116325 -4.1571974754333496e-02</internalNodes>
      <leafValues>
        4.3267577886581421e-01 -6.5913778543472290e-01</leafValues></_>
    <_>
      <internalNodes>
        0 -1 104441 2.3487526923418045e-03</internalNodes>
      <leafValues>
        -7.5828957557678223e-01 2.7409780025482178e-01</leafValues></_>
    <_>
      <internalNodes>
        0 -1 137893 2.0921761170029640e-03</internalNodes>
      <leafValues>
        -6.5562754869461060e-01 3.3648055791854858e-01</leafValues></_>
    <_>
      <internalNodes>
        0 -1 87737 1.5517469728365541e-03</internalNodes>
      <leafValues>
        -8.1705158948898315e-01 2.2051964700222015e-01</leafValues></_>
    <_>
      <internalNodes>
        0 -1 102986 1.0159753262996674e-02</internalNodes>
      <leafValues>
        -5.4895943403244019e-01 3.3491176366806030e-01</leafValues></_>
    <_>
      <internalNodes>
        0 -1 119345 -1.1119351256638765e-03</internalNodes>
      <leafValues>
        2.1637785434722900e-01 -6.4484673738479614e-01</leafValues></_>
    <_>
      <internalNodes>
        0 -1 88473 2.3176404647529125e-03</internalNodes>
      <leafValues>
        1.6693912446498871e-01 -7.2062653303146362e-01</leafValues></_>
    <_>
      <internalNodes>
        0 -1 127121 -2.3064133711159229e-03</internalNodes>
      <leafValues>
        -6.1658972501754761e-01 1.9681833684444427e-01</leafValues></_>
    <_>
      <internalNodes>
        0 -1 161240 -2.8014479903504252e-04</internalNodes>
      <leafValues>
        -6.0509353876113892e-01 1.5563759207725525e-01</leafValues></_>
    <_>
      <internalNodes>
        0 -1 161240 3.5848672268912196e-04</internalNodes>
      <leafValues>
        2.0255504548549652e-01 -6.7858374118804932e-01</leafValues></_>
    <_>
      <internalNodes>
        0 -1 113824 -1.3986800331622362e-03</internalNodes>
      <leafValues>
        2.7500760555267334e-01 -3.6330473423004150e-01</leafValues></_>
    <_>
      <internalNodes>
        0 -1 96625 3.2508429139852524e-03</internalNodes>
      <leafValues>
        1.1943546682596207e-01 -7.0736813545227051e-01</leafValues></_></weakClassifiers></stage4>
</opencv_storage>
