<?xml version="1.0"?>
<opencv_storage>
<stage3>
  <maxWeakCount>9</maxWeakCount>
  <stageThreshold>-1.9130635261535645e+00</stageThreshold>
  <weakClassifiers>
    <_>
      <internalNodes>
        0 -1 99709 -5.0988297909498215e-02</internalNodes>
      <leafValues>
        4.7256261110305786e-01 -6.5210026502609253e-01</leafValues></_>
    <_>
      <internalNodes>
        0 -1 104743 9.7577314591035247e-04</internalNodes>
      <leafValues>
        -7.8089761734008789e-01 3.3628261089324951e-01</leafValues></_>
    <_>
      <internalNodes>
        0 -1 126067 -7.5936515349894762e-04</internalNodes>
      <leafValues>
        3.5811421275138855e-01 -7.2338235378265381e-01</leafValues></_>
    <_>
      <internalNodes>
        0 -1 65816 1.3440755009651184e-01</internalNodes>
      <leafValues>
        -3.3487057685852051e-01 6.3587790727615356e-01</leafValues></_>
    <_>
      <internalNodes>
        0 -1 119783 2.0278538577258587e-03</internalNodes>
      <leafValues>
        -7.5176036357879639e-01 2.7331626415252686e-01</leafValues></_>
    <_>
      <internalNodes>
        0 -1 111809 -4.6558075700886548e-04</internalNodes>
      <leafValues>
        3.6929687857627869e-01 -5.0904834270477295e-01</leafValues></_>
    <_>
      <internalNodes>
        0 -1 159832 -3.0737905763089657e-04</internalNodes>
      <leafValues>
        -6.1397981643676758e-01 1.9561184942722321e-01</leafValues></_>
    <_>
      <internalNodes>
        0 -1 159832 4.1215616511180997e-04</internalNodes>
      <leafValues>
        2.1628160774707794e-01 -7.0169484615325928e-01</leafValues></_>
    <_>
      <internalNodes>
        0 -1 113990 -5.3301430307328701e-03</internalNodes>
      <leafValues>
        3.4560608863830566e-01 -3.5807332396507263e-01</leafValues></_></weakClassifiers></stage3>
</opencv_storage>
