<?xml version="1.0"?>
<opencv_storage>
<stage5>
  <maxWeakCount>16</maxWeakCount>
  <stageThreshold>-2.2019300460815430e+00</stageThreshold>
  <weakClassifiers>
    <_>
      <internalNodes>
        0 -1 93515 4.6235185116529465e-02</internalNodes>
      <leafValues>
        -6.5616947412490845e-01 3.7094619870185852e-01</leafValues></_>
    <_>
      <internalNodes>
        0 -1 137893 2.6960321702063084e-03</internalNodes>
      <leafValues>
        -5.9965890645980835e-01 3.1763908267021179e-01</leafValues></_>
    <_>
      <internalNodes>
        0 -1 104070 4.3784538283944130e-03</internalNodes>
      <leafValues>
        -7.6296377182006836e-01 2.1538719534873962e-01</leafValues></_>
    <_>
      <internalNodes>
        0 -1 96093 2.2384140174835920e-03</internalNodes>
      <leafValues>
        -7.7155613899230957e-01 2.0932343602180481e-01</leafValues></_>
    <_>
      <internalNodes>
        0 -1 131567 1.4019651571288705e-03</internalNodes>
      <leafValues>
        -4.2216348648071289e-01 3.1881907582283020e-01</leafValues></_>
    <_>
      <internalNodes>
        0 -1 88183 1.1341193458065391e-03</internalNodes>
      <leafValues>
        2.1492573618888855e-01 -5.4993987083435059e-01</leafValues></_>
    <_>
      <internalNodes>
        0 -1 137858 2.2569056454813108e-05</internalNodes>
      <leafValues>
        -6.7452782392501831e-01 1.7221441864967346e-01</leafValues></_>
    <_>
      <internalNodes>
        0 -1 106506 -3.8079423829913139e-03</internalNodes>
      <leafValues>
        3.9506492018699646e-01 -2.8473043441772461e-01</leafValues></_>
    <_>
      <internalNodes>
        0 -1 81 -2.3331999545916915e-04</internalNodes>
      <leafValues>
        -5.9212744235992432e-01 1.5906220674514771e-01</leafValues></_>
    <_>
      <internalNodes>
        0 -1 81 2.6093010092154145e-04</internalNodes>
      <leafValues>
        2.6796981692314148e-01 -6.5488880872726440e-01</leafValues></_>
    <_>
      <internalNodes>
        0 -1 104481 -1.0362444445490837e-03</internalNodes>
      <leafValues>
        1.7108598351478577e-01 -5.3951120376586914e-01</leafValues></_>
    <_>
      <internalNodes>
        0 -1 136636 -5.6231126189231873e-02</internalNodes>
      <leafValues>
        5.4006332159042358e-01 -1.6979318857192993e-01</leafValues></_>
    <_>
      <internalNodes>
        0 -1 152140 -4.8875552602112293e-04</internalNodes>
      <leafValues>
        -4.6085458993911743e-01 1.6856117546558380e-01</leafValues></_>
    <_>
      <internalNodes>
        0 -1 152140 4.2222318006679416e-04</internalNodes>
      <leafValues>
        2.1702031791210175e-01 -5.1700460910797119e-01</leafValues></_>
    <_>
      <internalNodes>
        0 -1 79960 9.2393613886088133e-04</internalNodes>
      <leafValues>
        -3.1483045220375061e-01 2.5631532073020935e-01</leafValues></_>
    <_>
      <internalNodes>
        0 -1 82061 -4.9787361174821854e-02</internalNodes>
      <leafValues>
        5.0973200798034668e-01 -1.5029236674308777e-01</leafValues></_></weakClassifiers></stage5>
</opencv_storage>
