<?xml version="1.0"?>
<opencv_storage>
<stage0>
  <maxWeakCount>4</maxWeakCount>
  <stageThreshold>-2.1572813987731934e+00</stageThreshold>
  <weakClassifiers>
    <_>
      <internalNodes>
        0 -1 96679 5.7743806391954422e-03</internalNodes>
      <leafValues>
        -9.1988700628280640e-01 6.7591685056686401e-01</leafValues></_>
    <_>
      <internalNodes>
        0 -1 104070 5.5746147409081459e-03</internalNodes>
      <leafValues>
        -8.4902822971343994e-01 5.3264427185058594e-01</leafValues></_>
    <_>
      <internalNodes>
        0 -1 103024 1.1636162176728249e-02</internalNodes>
      <leafValues>
        -6.7032736539840698e-01 5.1341903209686279e-01</leafValues></_>
    <_>
      <internalNodes>
        0 -1 96679 1.5497169224545360e-03</internalNodes>
      <leafValues>
        -7.9803043603897095e-01 2.8196120262145996e-01</leafValues></_></weakClassifiers></stage0>
</opencv_storage>
