<?xml version="1.0"?>
<opencv_storage>
<stage2>
  <maxWeakCount>10</maxWeakCount>
  <stageThreshold>-2.3036971092224121e+00</stageThreshold>
  <weakClassifiers>
    <_>
      <internalNodes>
        0 -1 96463 2.2277804091572762e-03</internalNodes>
      <leafValues>
        -8.6472833156585693e-01 3.1693720817565918e-01</leafValues></_>
    <_>
      <internalNodes>
        0 -1 102004 2.8656266629695892e-02</internalNodes>
      <leafValues>
        -6.1031132936477661e-01 5.9243828058242798e-01</leafValues></_>
    <_>
      <internalNodes>
        0 -1 132157 -2.3825415410101414e-03</internalNodes>
      <leafValues>
        4.1032430529594421e-01 -6.0791212320327759e-01</leafValues></_>
    <_>
      <internalNodes>
        0 -1 112170 5.1005982095375657e-04</internalNodes>
      <leafValues>
        -6.6127800941467285e-01 3.3474615216255188e-01</leafValues></_>
    <_>
      <internalNodes>
        0 -1 137624 1.0759055148810148e-03</internalNodes>
      <leafValues>
        -6.9734954833984375e-01 2.3002193868160248e-01</leafValues></_>
    <_>
      <internalNodes>
        0 -1 131803 -3.3029168844223022e-04</internalNodes>
      <leafValues>
        3.2339555025100708e-01 -4.8275801539421082e-01</leafValues></_>
    <_>
      <internalNodes>
        0 -1 105303 1.5453025698661804e-03</internalNodes>
      <leafValues>
        2.0783598721027374e-01 -5.5902791023254395e-01</leafValues></_>
    <_>
      <internalNodes>
        0 -1 80179 1.7156299203634262e-02</internalNodes>
      <leafValues>
        -2.2387264668941498e-01 5.4018247127532959e-01</leafValues></_>
    <_>
      <internalNodes>
        0 -1 157736 -3.3147400245070457e-04</internalNodes>
      <leafValues>
        -5.8205634355545044e-01 1.7731584608554840e-01</leafValues></_>
    <_>
      <internalNodes>
        0 -1 157736 3.3739465288817883e-04</internalNodes>
      <leafValues>
        2.7838870882987976e-01 -6.4967596530914307e-01</leafValues></_></weakClassifiers></stage2>
</opencv_storage>
