<?xml version="1.0"?>
<opencv_storage>
<stage6>
  <maxWeakCount>15</maxWeakCount>
  <stageThreshold>-1.9987251758575439e+00</stageThreshold>
  <weakClassifiers>
    <_>
      <internalNodes>
        0 -1 40964 4.2076475918292999e-02</internalNodes>
      <leafValues>
        -6.6237503290176392e-01 4.8830810189247131e-01</leafValues></_>
    <_>
      <internalNodes>
        0 -1 119638 1.2941655004397035e-03</internalNodes>
      <leafValues>
        -6.2820154428482056e-01 2.9092562198638916e-01</leafValues></_>
    <_>
      <internalNodes>
        0 -1 112170 6.6222157329320908e-04</internalNodes>
      <leafValues>
        -6.8116980791091919e-01 2.1271631121635437e-01</leafValues></_>
    <_>
      <internalNodes>
        0 -1 96583 2.1907305344939232e-03</internalNodes>
      <leafValues>
        -7.4932014942169189e-01 2.3710475862026215e-01</leafValues></_>
    <_>
      <internalNodes>
        0 -1 98130 5.1022730767726898e-03</internalNodes>
      <leafValues>
        -4.5553499460220337e-01 2.8127801418304443e-01</leafValues></_>
    <_>
      <internalNodes>
        0 -1 131271 1.5885687898844481e-03</internalNodes>
      <leafValues>
        -4.2602390050888062e-01 2.8816631436347961e-01</leafValues></_>
    <_>
      <internalNodes>
        0 -1 106120 2.8417824069038033e-04</internalNodes>
      <leafValues>
        -4.1034564375877380e-01 2.6888784766197205e-01</leafValues></_>
    <_>
      <internalNodes>
        0 -1 126397 2.3443633835995570e-05</internalNodes>
      <leafValues>
        -5.5488872528076172e-01 1.8473596870899200e-01</leafValues></_>
    <_>
      <internalNodes>
        0 -1 104750 1.9912619609385729e-04</internalNodes>
      <leafValues>
        -6.7721593379974365e-01 8.4953315556049347e-02</leafValues></_>
    <_>
      <internalNodes>
        0 -1 155408 -2.8794404352083802e-04</internalNodes>
      <leafValues>
        -5.0949364900588989e-01 1.7038559913635254e-01</leafValues></_>
    <_>
      <internalNodes>
        0 -1 155408 3.5401049535721540e-04</internalNodes>
      <leafValues>
        2.0027160644531250e-01 -5.4831880331039429e-01</leafValues></_>
    <_>
      <internalNodes>
        0 -1 119755 8.5706647951155901e-04</internalNodes>
      <leafValues>
        -8.0180680751800537e-01 1.1734902858734131e-01</leafValues></_>
    <_>
      <internalNodes>
        0 -1 119086 1.3461132533848286e-02</internalNodes>
      <leafValues>
        1.2196263670921326e-01 -6.9189858436584473e-01</leafValues></_>
    <_>
      <internalNodes>
        0 -1 105152 -2.1611102856695652e-03</internalNodes>
      <leafValues>
        -6.6389864683151245e-01 1.1418586969375610e-01</leafValues></_>
    <_>
      <internalNodes>
        0 -1 78815 4.2314371094107628e-03</internalNodes>
      <leafValues>
        1.1167083680629730e-01 -6.4189827442169189e-01</leafValues></_></weakClassifiers></stage6>
</opencv_storage>
