<?xml version="1.0"?>
<opencv_storage>
<stage8>
  <maxWeakCount>20</maxWeakCount>
  <stageThreshold>-2.0812392234802246e+00</stageThreshold>
  <weakClassifiers>
    <_>
      <internalNodes>
        0 -1 93515 3.7471946328878403e-02</internalNodes>
      <leafValues>
        -6.9610476493835449e-01 1.8971186876296997e-01</leafValues></_>
    <_>
      <internalNodes>
        0 -1 137935 1.8298877403140068e-03</internalNodes>
      <leafValues>
        -6.4566206932067871e-01 1.8757757544517517e-01</leafValues></_>
    <_>
      <internalNodes>
        0 -1 20408 -5.4235883057117462e-02</internalNodes>
      <leafValues>
        5.5742472410202026e-01 -2.5866636633872986e-01</leafValues></_>
    <_>
      <internalNodes>
        0 -1 104441 1.4869823353365064e-03</internalNodes>
      <leafValues>
        -7.0005381107330322e-01 1.6579018533229828e-01</leafValues></_>
    <_>
      <internalNodes>
        0 -1 88296 -2.2309599444270134e-05</internalNodes>
      <leafValues>
        2.2947210073471069e-01 -5.0415819883346558e-01</leafValues></_>
    <_>
      <internalNodes>
        0 -1 96293 -5.0881891511380672e-03</internalNodes>
      <leafValues>
        -7.1774023771286011e-01 1.4325295388698578e-01</leafValues></_>
    <_>
      <internalNodes>
        0 -1 321 -4.1441139183007181e-04</internalNodes>
      <leafValues>
        -5.3657740354537964e-01 1.7751790583133698e-01</leafValues></_>
    <_>
      <internalNodes>
        0 -1 321 4.1741624590940773e-04</internalNodes>
      <leafValues>
        1.9175817072391510e-01 -5.7562923431396484e-01</leafValues></_>
    <_>
      <internalNodes>
        0 -1 114127 -3.7542697973549366e-03</internalNodes>
      <leafValues>
        3.8810592889785767e-01 -2.7660909295082092e-01</leafValues></_>
    <_>
      <internalNodes>
        0 -1 131803 -5.5698840878903866e-04</internalNodes>
      <leafValues>
        2.3219622671604156e-01 -4.1037851572036743e-01</leafValues></_>
    <_>
      <internalNodes>
        0 -1 88054 -3.1807087361812592e-03</internalNodes>
      <leafValues>
        -6.7412734031677246e-01 1.3818398118019104e-01</leafValues></_>
    <_>
      <internalNodes>
        0 -1 96511 -2.5766104954527691e-05</internalNodes>
      <leafValues>
        1.5028414130210876e-01 -5.9359335899353027e-01</leafValues></_>
    <_>
      <internalNodes>
        0 -1 126472 -4.7659600386396050e-04</internalNodes>
      <leafValues>
        1.0324976593255997e-01 -6.0395240783691406e-01</leafValues></_>
    <_>
      <internalNodes>
        0 -1 161187 -3.4234666964039207e-04</internalNodes>
      <leafValues>
        -6.2596666812896729e-01 1.1514946073293686e-01</leafValues></_>
    <_>
      <internalNodes>
        0 -1 133264 2.2222582629183307e-05</internalNodes>
      <leafValues>
        -3.5439833998680115e-01 2.1959444880485535e-01</leafValues></_>
    <_>
      <internalNodes>
        0 -1 157736 -3.0384882120415568e-04</internalNodes>
      <leafValues>
        -4.8501920700073242e-01 1.1957883834838867e-01</leafValues></_>
    <_>
      <internalNodes>
        0 -1 133003 -2.1651512724929489e-05</internalNodes>
      <leafValues>
        1.5028393268585205e-01 -4.6932435035705566e-01</leafValues></_>
    <_>
      <internalNodes>
        0 -1 132825 -9.9682193249464035e-03</internalNodes>
      <leafValues>
        -5.1638257503509521e-01 1.2804345786571503e-01</leafValues></_>
    <_>
      <internalNodes>
        0 -1 23162 4.5059947296977043e-03</internalNodes>
      <leafValues>
        -5.8022999763488770e-01 1.0718687623739243e-01</leafValues></_>
    <_>
      <internalNodes>
        0 -1 111429 4.7195897786878049e-04</internalNodes>
      <leafValues>
        -3.1846305727958679e-01 1.8378639221191406e-01</leafValues></_></weakClassifiers></stage8>
</opencv_storage>
