<?xml version="1.0"?>
<opencv_storage>
<stage7>
  <maxWeakCount>18</maxWeakCount>
  <stageThreshold>-2.0564396381378174e+00</stageThreshold>
  <weakClassifiers>
    <_>
      <internalNodes>
        0 -1 102049 -4.1415527462959290e-02</internalNodes>
      <leafValues>
        3.2224082946777344e-01 -6.6890084743499756e-01</leafValues></_>
    <_>
      <internalNodes>
        0 -1 87619 1.7953974893316627e-03</internalNodes>
      <leafValues>
        -6.3837355375289917e-01 2.0044171810150146e-01</leafValues></_>
    <_>
      <internalNodes>
        0 -1 96471 -3.5523041151463985e-04</internalNodes>
      <leafValues>
        1.7706106603145599e-01 -6.3988023996353149e-01</leafValues></_>
    <_>
      <internalNodes>
        0 -1 132402 2.5497330352663994e-03</internalNodes>
      <leafValues>
        -7.1265643835067749e-01 1.7542535066604614e-01</leafValues></_>
    <_>
      <internalNodes>
        0 -1 86327 -4.1690102079883218e-04</internalNodes>
      <leafValues>
        2.3519650101661682e-01 -5.4616582393646240e-01</leafValues></_>
    <_>
      <internalNodes>
        0 -1 132981 2.3440677614416927e-04</internalNodes>
      <leafValues>
        -4.3507492542266846e-01 2.7011629939079285e-01</leafValues></_>
    <_>
      <internalNodes>
        0 -1 138338 -2.2147796698845923e-05</internalNodes>
      <leafValues>
        1.9691166281700134e-01 -5.0797796249389648e-01</leafValues></_>
    <_>
      <internalNodes>
        0 -1 13473 -3.2283592736348510e-04</internalNodes>
      <leafValues>
        -5.8508253097534180e-01 1.7031258344650269e-01</leafValues></_>
    <_>
      <internalNodes>
        0 -1 13473 3.0990387313067913e-04</internalNodes>
      <leafValues>
        1.9721248745918274e-01 -6.4260238409042358e-01</leafValues></_>
    <_>
      <internalNodes>
        0 -1 126062 -1.8534477567300200e-04</internalNodes>
      <leafValues>
        1.7487739026546478e-01 -5.9205067157745361e-01</leafValues></_>
    <_>
      <internalNodes>
        0 -1 46736 1.9356381380930543e-04</internalNodes>
      <leafValues>
        -6.4058083295822144e-01 1.0001021623611450e-01</leafValues></_>
    <_>
      <internalNodes>
        0 -1 32236 2.9820111393928528e-01</internalNodes>
      <leafValues>
        -1.6496030986309052e-01 5.5017900466918945e-01</leafValues></_>
    <_>
      <internalNodes>
        0 -1 5284 -9.8055675625801086e-02</internalNodes>
      <leafValues>
        6.1231309175491333e-01 -1.2240993231534958e-01</leafValues></_>
    <_>
      <internalNodes>
        0 -1 105152 1.8823021091520786e-03</internalNodes>
      <leafValues>
        1.3633085787296295e-01 -5.7454580068588257e-01</leafValues></_>
    <_>
      <internalNodes>
        0 -1 87061 -4.2301821522414684e-03</internalNodes>
      <leafValues>
        2.3473708331584930e-01 -3.2942891120910645e-01</leafValues></_>
    <_>
      <internalNodes>
        0 -1 113755 1.9190578314010054e-05</internalNodes>
      <leafValues>
        -3.4132912755012512e-01 2.0478390157222748e-01</leafValues></_>
    <_>
      <internalNodes>
        0 -1 119634 -7.5213337549939752e-04</internalNodes>
      <leafValues>
        1.3135702908039093e-01 -4.9765610694885254e-01</leafValues></_>
    <_>
      <internalNodes>
        0 -1 161187 2.7524441247805953e-04</internalNodes>
      <leafValues>
        1.1611063778400421e-01 -5.7956743240356445e-01</leafValues></_></weakClassifiers></stage7>
</opencv_storage>
