<?xml version="1.0"?>
<opencv_storage>
<stage9>
  <maxWeakCount>20</maxWeakCount>
  <stageThreshold>-2.0706012248992920e+00</stageThreshold>
  <weakClassifiers>
    <_>
      <internalNodes>
        0 -1 99709 -6.0375023633241653e-02</internalNodes>
      <leafValues>
        3.6048692464828491e-01 -5.9929543733596802e-01</leafValues></_>
    <_>
      <internalNodes>
        0 -1 141984 -1.9332867115736008e-02</internalNodes>
      <leafValues>
        4.9956327676773071e-01 -3.6330121755599976e-01</leafValues></_>
    <_>
      <internalNodes>
        0 -1 78266 1.1964793084189296e-03</internalNodes>
      <leafValues>
        -5.8371818065643311e-01 2.4598440527915955e-01</leafValues></_>
    <_>
      <internalNodes>
        0 -1 119345 -2.2308141924440861e-03</internalNodes>
      <leafValues>
        1.6170983016490936e-01 -6.4127629995346069e-01</leafValues></_>
    <_>
      <internalNodes>
        0 -1 78265 -3.9546907646581531e-04</internalNodes>
      <leafValues>
        -5.6580555438995361e-01 1.6958798468112946e-01</leafValues></_>
    <_>
      <internalNodes>
        0 -1 86584 4.9153389409184456e-03</internalNodes>
      <leafValues>
        -3.5096141695976257e-01 2.7272549271583557e-01</leafValues></_>
    <_>
      <internalNodes>
        0 -1 113990 -4.7002825886011124e-03</internalNodes>
      <leafValues>
        2.2502318024635315e-01 -3.7859410047531128e-01</leafValues></_>
    <_>
      <internalNodes>
        0 -1 81 -2.6456196792423725e-04</internalNodes>
      <leafValues>
        -5.5092978477478027e-01 1.7334297299385071e-01</leafValues></_>
    <_>
      <internalNodes>
        0 -1 81 3.0348150175996125e-04</internalNodes>
      <leafValues>
        1.7190980911254883e-01 -5.9794509410858154e-01</leafValues></_>
    <_>
      <internalNodes>
        0 -1 132790 -1.5425050514750183e-04</internalNodes>
      <leafValues>
        1.4305514097213745e-01 -5.7001703977584839e-01</leafValues></_>
    <_>
      <internalNodes>
        0 -1 97691 9.3820865731686354e-04</internalNodes>
      <leafValues>
        -3.6215120553970337e-01 2.2854650020599365e-01</leafValues></_>
    <_>
      <internalNodes>
        0 -1 97427 8.4639701526612043e-04</internalNodes>
      <leafValues>
        1.2881547212600708e-01 -5.8156615495681763e-01</leafValues></_>
    <_>
      <internalNodes>
        0 -1 120572 -1.5681332442909479e-03</internalNodes>
      <leafValues>
        -6.9514274597167969e-01 8.6675494909286499e-02</leafValues></_>
    <_>
      <internalNodes>
        0 -1 120572 1.3455306179821491e-03</internalNodes>
      <leafValues>
        1.0269474983215332e-01 -6.1763477325439453e-01</leafValues></_>
    <_>
      <internalNodes>
        0 -1 111441 2.5737808755366132e-05</internalNodes>
      <leafValues>
        -6.4430046081542969e-01 9.2784881591796875e-02</leafValues></_>
    <_>
      <internalNodes>
        0 -1 111433 2.0411261357367039e-03</internalNodes>
      <leafValues>
        1.0882157832384109e-01 -6.1224114894866943e-01</leafValues></_>
    <_>
      <internalNodes>
        0 -1 119820 1.7887961585074663e-03</internalNodes>
      <leafValues>
        -6.7017310857772827e-01 8.0791912972927094e-02</leafValues></_>
    <_>
      <internalNodes>
        0 -1 146732 -1.1992393992841244e-02</internalNodes>
      <leafValues>
        -5.6141775846481323e-01 1.0764320194721222e-01</leafValues></_>
    <_>
      <internalNodes>
        0 -1 161241 2.7905497699975967e-04</internalNodes>
      <leafValues>
        1.3279730081558228e-01 -4.4692364335060120e-01</leafValues></_>
    <_>
      <internalNodes>
        0 -1 161241 -2.4886056780815125e-04</internalNodes>
      <leafValues>
        -4.6324643492698669e-01 1.6109870374202728e-01</leafValues></_></weakClassifiers></stage9>
</opencv_storage>
