<?xml version="1.0"?>
<opencv_storage>
<stage1>
  <maxWeakCount>7</maxWeakCount>
  <stageThreshold>-1.9267402887344360e+00</stageThreshold>
  <weakClassifiers>
    <_>
      <internalNodes>
        0 -1 96679 6.9828107953071594e-03</internalNodes>
      <leafValues>
        -8.6516177654266357e-01 5.2642780542373657e-01</leafValues></_>
    <_>
      <internalNodes>
        0 -1 104443 4.6664597466588020e-03</internalNodes>
      <leafValues>
        -8.1002873182296753e-01 4.3703708052635193e-01</leafValues></_>
    <_>
      <internalNodes>
        0 -1 102005 3.0396882444620132e-02</internalNodes>
      <leafValues>
        -5.8238261938095093e-01 5.8346462249755859e-01</leafValues></_>
    <_>
      <internalNodes>
        0 -1 96679 2.2731020580977201e-03</internalNodes>
      <leafValues>
        -8.2633233070373535e-01 3.0428919196128845e-01</leafValues></_>
    <_>
      <internalNodes>
        0 -1 114127 -2.3654126562178135e-03</internalNodes>
      <leafValues>
        4.5322930812835693e-01 -3.5554635524749756e-01</leafValues></_>
    <_>
      <internalNodes>
        0 -1 119035 6.6499719396233559e-03</internalNodes>
      <leafValues>
        2.2873295843601227e-01 -6.4574825763702393e-01</leafValues></_>
    <_>
      <internalNodes>
        0 -1 137666 1.0590001475065947e-03</internalNodes>
      <leafValues>
        -6.5541869401931763e-01 2.1058119833469391e-01</leafValues></_></weakClassifiers></stage1>
</opencv_storage>
