<?xml version="1.0"?>
<opencv_storage>
<stage4>
  <maxWeakCount>13</maxWeakCount>
  <stageThreshold>-2.2682557106018066e+00</stageThreshold>
  <weakClassifiers>
    <_>
      <internalNodes>
        0 -1 116325 -4.1105199605226517e-02</internalNodes>
      <leafValues>
        4.2663398385047913e-01 -6.6340065002441406e-01</leafValues></_>
    <_>
      <internalNodes>
        0 -1 137893 2.5244038552045822e-03</internalNodes>
      <leafValues>
        -6.3754510879516602e-01 3.3451858162879944e-01</leafValues></_>
    <_>
      <internalNodes>
        0 -1 104441 1.5438478440046310e-03</internalNodes>
      <leafValues>
        -7.7387356758117676e-01 2.9416137933731079e-01</leafValues></_>
    <_>
      <internalNodes>
        0 -1 103850 3.6866532173007727e-03</internalNodes>
      <leafValues>
        -4.3633589148521423e-01 3.7528756260871887e-01</leafValues></_>
    <_>
      <internalNodes>
        0 -1 104743 6.8106671096757054e-04</internalNodes>
      <leafValues>
        -6.4076393842697144e-01 2.3339793086051941e-01</leafValues></_>
    <_>
      <internalNodes>
        0 -1 119345 -1.0019396431744099e-03</internalNodes>
      <leafValues>
        2.1139723062515259e-01 -6.1904466152191162e-01</leafValues></_>
    <_>
      <internalNodes>
        0 -1 155388 6.2019884353503585e-04</internalNodes>
      <leafValues>
        1.8792273104190826e-01 -6.1893010139465332e-01</leafValues></_>
    <_>
      <internalNodes>
        0 -1 152120 -3.8689229404553771e-04</internalNodes>
      <leafValues>
        -6.3848626613616943e-01 2.1810862421989441e-01</leafValues></_>
    <_>
      <internalNodes>
        0 -1 80179 1.5260319225490093e-02</internalNodes>
      <leafValues>
        -2.8603005409240723e-01 4.1892042756080627e-01</leafValues></_>
    <_>
      <internalNodes>
        0 -1 119715 2.8980392380617559e-04</internalNodes>
      <leafValues>
        -7.8650075197219849e-01 1.3101010024547577e-01</leafValues></_>
    <_>
      <internalNodes>
        0 -1 83373 -2.3672774434089661e-02</internalNodes>
      <leafValues>
        4.4112905859947205e-01 -2.8545311093330383e-01</leafValues></_>
    <_>
      <internalNodes>
        0 -1 97333 3.0746092088520527e-03</internalNodes>
      <leafValues>
        1.4236859977245331e-01 -6.5755558013916016e-01</leafValues></_>
    <_>
      <internalNodes>
        0 -1 161 -4.6707066940143704e-04</internalNodes>
      <leafValues>
        -5.2126264572143555e-01 1.4453032612800598e-01</leafValues></_></weakClassifiers></stage4>
</opencv_storage>
