<?xml version="1.0"?>
<opencv_storage>
<stage10>
  <maxWeakCount>27</maxWeakCount>
  <stageThreshold>-2.0952529907226562e+00</stageThreshold>
  <weakClassifiers>
    <_>
      <internalNodes>
        0 -1 40964 5.1296599209308624e-02</internalNodes>
      <leafValues>
        -5.9299540519714355e-01 3.0047407746315002e-01</leafValues></_>
    <_>
      <internalNodes>
        0 -1 142867 9.4154512044042349e-04</internalNodes>
      <leafValues>
        -5.7878530025482178e-01 1.7576843500137329e-01</leafValues></_>
    <_>
      <internalNodes>
        0 -1 80179 1.9340939819812775e-02</internalNodes>
      <leafValues>
        -2.9516842961311340e-01 3.9040812849998474e-01</leafValues></_>
    <_>
      <internalNodes>
        0 -1 111429 4.5027513988316059e-04</internalNodes>
      <leafValues>
        -4.5479670166969299e-01 2.2892194986343384e-01</leafValues></_>
    <_>
      <internalNodes>
        0 -1 112579 2.2149524738779292e-05</internalNodes>
      <leafValues>
        -6.4069867134094238e-01 1.7726287245750427e-01</leafValues></_>
    <_>
      <internalNodes>
        0 -1 104790 1.4767250977456570e-03</internalNodes>
      <leafValues>
        -6.4444983005523682e-01 1.3834331929683685e-01</leafValues></_>
    <_>
      <internalNodes>
        0 -1 132591 -1.1255022400291637e-05</internalNodes>
      <leafValues>
        1.6501721739768982e-01 -5.2134883403778076e-01</leafValues></_>
    <_>
      <internalNodes>
        0 -1 152140 -4.4917620834894478e-04</internalNodes>
      <leafValues>
        -5.3174680471420288e-01 1.2890706956386566e-01</leafValues></_>
    <_>
      <internalNodes>
        0 -1 155408 5.7763553922995925e-04</internalNodes>
      <leafValues>
        1.5532542765140533e-01 -5.5225694179534912e-01</leafValues></_>
    <_>
      <internalNodes>
        0 -1 125752 -2.1562145775533281e-05</internalNodes>
      <leafValues>
        1.5449473261833191e-01 -5.1124882698059082e-01</leafValues></_>
    <_>
      <internalNodes>
        0 -1 104578 -1.9429098814725876e-02</internalNodes>
      <leafValues>
        -6.6011816263198853e-01 8.2891806960105896e-02</leafValues></_>
    <_>
      <internalNodes>
        0 -1 111818 6.2224705470725894e-04</internalNodes>
      <leafValues>
        -5.5944007635116577e-01 1.2030798196792603e-01</leafValues></_>
    <_>
      <internalNodes>
        0 -1 83390 -2.0504731684923172e-02</internalNodes>
      <leafValues>
        2.7519804239273071e-01 -2.7340891957283020e-01</leafValues></_>
    <_>
      <internalNodes>
        0 -1 96653 -8.1005075480788946e-04</internalNodes>
      <leafValues>
        1.2449628859758377e-01 -5.4132211208343506e-01</leafValues></_>
    <_>
      <internalNodes>
        0 -1 106506 -2.6226746849715710e-03</internalNodes>
      <leafValues>
        2.2917559742927551e-01 -2.6814740896224976e-01</leafValues></_>
    <_>
      <internalNodes>
        0 -1 68757 -3.7999274209141731e-03</internalNodes>
      <leafValues>
        -5.4791831970214844e-01 1.0957498848438263e-01</leafValues></_>
    <_>
      <internalNodes>
        0 -1 241 -3.3964944304898381e-04</internalNodes>
      <leafValues>
        -4.4253489375114441e-01 1.2681779265403748e-01</leafValues></_>
    <_>
      <internalNodes>
        0 -1 241 5.2689859876409173e-04</internalNodes>
      <leafValues>
        1.4676474034786224e-01 -4.9735626578330994e-01</leafValues></_>
    <_>
      <internalNodes>
        0 -1 96090 -1.4597601257264614e-03</internalNodes>
      <leafValues>
        1.2912476062774658e-01 -4.1615235805511475e-01</leafValues></_>
    <_>
      <internalNodes>
        0 -1 125519 1.2566519435495138e-03</internalNodes>
      <leafValues>
        -3.2570746541023254e-01 1.5034990012645721e-01</leafValues></_>
    <_>
      <internalNodes>
        0 -1 136064 1.1942236125469208e-01</internalNodes>
      <leafValues>
        -1.0125149786472321e-01 5.5021846294403076e-01</leafValues></_>
    <_>
      <internalNodes>
        0 -1 141775 -3.2614659518003464e-02</internalNodes>
      <leafValues>
        3.9070233702659607e-01 -1.6471244394779205e-01</leafValues></_>
    <_>
      <internalNodes>
        0 -1 6118 9.5683142542839050e-02</internalNodes>
      <leafValues>
        -1.1443887650966644e-01 4.9484357237815857e-01</leafValues></_>
    <_>
      <internalNodes>
        0 -1 5346 -1.2837059795856476e-01</internalNodes>
      <leafValues>
        5.6485784053802490e-01 -9.1148033738136292e-02</leafValues></_>
    <_>
      <internalNodes>
        0 -1 97914 7.3594623245298862e-04</internalNodes>
      <leafValues>
        -2.2845184803009033e-01 2.3386108875274658e-01</leafValues></_>
    <_>
      <internalNodes>
        0 -1 120572 -1.6004561912268400e-03</internalNodes>
      <leafValues>
        -6.0606569051742554e-01 8.9160874485969543e-02</leafValues></_>
    <_>
      <internalNodes>
        0 -1 120572 1.3807639479637146e-03</internalNodes>
      <leafValues>
        8.7525747716426849e-02 -5.4418373107910156e-01</leafValues></_></weakClassifiers></stage10>
</opencv_storage>
