<?xml version="1.0"?>
<opencv_storage>
<stage7>
  <maxWeakCount>17</maxWeakCount>
  <stageThreshold>-1.9731065034866333e+00</stageThreshold>
  <weakClassifiers>
    <_>
      <internalNodes>
        0 -1 99709 -5.3974401205778122e-02</internalNodes>
      <leafValues>
        3.2858794927597046e-01 -6.2684118747711182e-01</leafValues></_>
    <_>
      <internalNodes>
        0 -1 137663 -2.4982038885354996e-03</internalNodes>
      <leafValues>
        2.5418239831924438e-01 -6.0292321443557739e-01</leafValues></_>
    <_>
      <internalNodes>
        0 -1 44019 2.2472888231277466e-01</internalNodes>
      <leafValues>
        -2.8436022996902466e-01 6.0440260171890259e-01</leafValues></_>
    <_>
      <internalNodes>
        0 -1 78385 2.2359273862093687e-03</internalNodes>
      <leafValues>
        -5.3672802448272705e-01 2.6623180508613586e-01</leafValues></_>
    <_>
      <internalNodes>
        0 -1 96511 3.4216354833915830e-04</internalNodes>
      <leafValues>
        2.0369419455528259e-01 -6.7311435937881470e-01</leafValues></_>
    <_>
      <internalNodes>
        0 -1 131803 -7.5188500341027975e-04</internalNodes>
      <leafValues>
        3.0687057971954346e-01 -3.9961719512939453e-01</leafValues></_>
    <_>
      <internalNodes>
        0 -1 159832 -3.9903115248307586e-04</internalNodes>
      <leafValues>
        -6.2970322370529175e-01 1.2138278782367706e-01</leafValues></_>
    <_>
      <internalNodes>
        0 -1 157756 5.0687848124653101e-04</internalNodes>
      <leafValues>
        2.3681110143661499e-01 -6.3984030485153198e-01</leafValues></_>
    <_>
      <internalNodes>
        0 -1 119166 -5.8087352663278580e-03</internalNodes>
      <leafValues>
        -8.7298852205276489e-01 9.5891565084457397e-02</leafValues></_>
    <_>
      <internalNodes>
        0 -1 113990 -6.0890344902873039e-03</internalNodes>
      <leafValues>
        2.7070528268814087e-01 -3.4126120805740356e-01</leafValues></_>
    <_>
      <internalNodes>
        0 -1 112265 6.8176565691828728e-03</internalNodes>
      <leafValues>
        1.6749085485935211e-01 -5.6285047531127930e-01</leafValues></_>
    <_>
      <internalNodes>
        0 -1 136063 1.0998608916997910e-01</internalNodes>
      <leafValues>
        -1.6001047194004059e-01 6.3416975736618042e-01</leafValues></_>
    <_>
      <internalNodes>
        0 -1 104911 1.0395324788987637e-02</internalNodes>
      <leafValues>
        1.5514980256557465e-01 -6.1997592449188232e-01</leafValues></_>
    <_>
      <internalNodes>
        0 -1 113335 -1.6078396001830697e-03</internalNodes>
      <leafValues>
        -5.5904757976531982e-01 1.3649302721023560e-01</leafValues></_>
    <_>
      <internalNodes>
        0 -1 103655 1.2788635212928057e-03</internalNodes>
      <leafValues>
        -3.1470856070518494e-01 2.3526738584041595e-01</leafValues></_>
    <_>
      <internalNodes>
        0 -1 84 -3.1242321711033583e-04</internalNodes>
      <leafValues>
        -4.8213636875152588e-01 1.4299999177455902e-01</leafValues></_>
    <_>
      <internalNodes>
        0 -1 84 4.0291287587024271e-04</internalNodes>
      <leafValues>
        1.8228223919868469e-01 -6.1501258611679077e-01</leafValues></_></weakClassifiers></stage7>
</opencv_storage>
