<?xml version="1.0"?>
<opencv_storage>
<stage3>
  <maxWeakCount>11</maxWeakCount>
  <stageThreshold>-2.0936167240142822e+00</stageThreshold>
  <weakClassifiers>
    <_>
      <internalNodes>
        0 -1 102005 4.7761127352714539e-02</internalNodes>
      <leafValues>
        -6.8505120277404785e-01 3.9542886614799500e-01</leafValues></_>
    <_>
      <internalNodes>
        0 -1 96679 5.8891000226140022e-03</internalNodes>
      <leafValues>
        -7.9620093107223511e-01 3.5270881652832031e-01</leafValues></_>
    <_>
      <internalNodes>
        0 -1 104443 5.1365969702601433e-03</internalNodes>
      <leafValues>
        -6.9923847913742065e-01 3.5041233897209167e-01</leafValues></_>
    <_>
      <internalNodes>
        0 -1 97169 -3.2634453964419663e-04</internalNodes>
      <leafValues>
        2.5094407796859741e-01 -6.5620046854019165e-01</leafValues></_>
    <_>
      <internalNodes>
        0 -1 120204 -1.2641309294849634e-03</internalNodes>
      <leafValues>
        2.9946738481521606e-01 -4.8035398125648499e-01</leafValues></_>
    <_>
      <internalNodes>
        0 -1 159832 4.8862327821552753e-04</internalNodes>
      <leafValues>
        2.3257817327976227e-01 -6.3573116064071655e-01</leafValues></_>
    <_>
      <internalNodes>
        0 -1 157756 -3.3171096583828330e-04</internalNodes>
      <leafValues>
        -6.2482804059982300e-01 2.1164217591285706e-01</leafValues></_>
    <_>
      <internalNodes>
        0 -1 137624 5.9433747082948685e-04</internalNodes>
      <leafValues>
        -8.0839031934738159e-01 1.2881198525428772e-01</leafValues></_>
    <_>
      <internalNodes>
        0 -1 102986 6.0460986569523811e-03</internalNodes>
      <leafValues>
        -5.2016538381576538e-01 2.7877777814865112e-01</leafValues></_>
    <_>
      <internalNodes>
        0 -1 96135 1.1788133997470140e-03</internalNodes>
      <leafValues>
        -7.6087117195129395e-01 1.4019918441772461e-01</leafValues></_>
    <_>
      <internalNodes>
        0 -1 106363 -4.7368854284286499e-03</internalNodes>
      <leafValues>
        3.1990689039230347e-01 -3.5893112421035767e-01</leafValues></_></weakClassifiers></stage3>
</opencv_storage>
