<?xml version="1.0"?>
<opencv_storage>
<stage9>
  <maxWeakCount>23</maxWeakCount>
  <stageThreshold>-2.0596432685852051e+00</stageThreshold>
  <weakClassifiers>
    <_>
      <internalNodes>
        0 -1 102005 4.4346056878566742e-02</internalNodes>
      <leafValues>
        -6.8202346563339233e-01 1.4758536219596863e-01</leafValues></_>
    <_>
      <internalNodes>
        0 -1 142237 -1.8700489774346352e-02</internalNodes>
      <leafValues>
        4.6273601055145264e-01 -3.5504004359245300e-01</leafValues></_>
    <_>
      <internalNodes>
        0 -1 132436 2.0624510943889618e-03</internalNodes>
      <leafValues>
        -6.0632121562957764e-01 2.3522098362445831e-01</leafValues></_>
    <_>
      <internalNodes>
        0 -1 88054 -2.4756970815360546e-03</internalNodes>
      <leafValues>
        -6.6752231121063232e-01 2.0956650376319885e-01</leafValues></_>
    <_>
      <internalNodes>
        0 -1 96511 -1.4061321271583438e-03</internalNodes>
      <leafValues>
        2.1236592531204224e-01 -5.8616203069686890e-01</leafValues></_>
    <_>
      <internalNodes>
        0 -1 119345 -1.3536958722397685e-03</internalNodes>
      <leafValues>
        9.0718135237693787e-02 -7.0926111936569214e-01</leafValues></_>
    <_>
      <internalNodes>
        0 -1 71410 -8.7391138076782227e-02</internalNodes>
      <leafValues>
        5.0953018665313721e-01 -1.8084459006786346e-01</leafValues></_>
    <_>
      <internalNodes>
        0 -1 114141 -4.2437622323632240e-03</internalNodes>
      <leafValues>
        3.6392250657081604e-01 -2.4356757104396820e-01</leafValues></_>
    <_>
      <internalNodes>
        0 -1 148536 -3.9639102760702372e-04</internalNodes>
      <leafValues>
        -4.8462396860122681e-01 1.8324913084506989e-01</leafValues></_>
    <_>
      <internalNodes>
        0 -1 57792 5.5780296679586172e-04</internalNodes>
      <leafValues>
        -5.8440989255905151e-01 1.4609599113464355e-01</leafValues></_>
    <_>
      <internalNodes>
        0 -1 148536 4.3941859621554613e-04</internalNodes>
      <leafValues>
        1.6687153279781342e-01 -5.1006686687469482e-01</leafValues></_>
    <_>
      <internalNodes>
        0 -1 131567 1.3047521933913231e-03</internalNodes>
      <leafValues>
        -3.8680121302604675e-01 2.0035447180271149e-01</leafValues></_>
    <_>
      <internalNodes>
        0 -1 77925 9.7007368458434939e-04</internalNodes>
      <leafValues>
        -6.9201624393463135e-01 1.1449044197797775e-01</leafValues></_>
    <_>
      <internalNodes>
        0 -1 133264 2.1871946955798194e-05</internalNodes>
      <leafValues>
        -3.5491347312927246e-01 1.7610991001129150e-01</leafValues></_>
    <_>
      <internalNodes>
        0 -1 119129 -1.4884676784276962e-02</internalNodes>
      <leafValues>
        -6.4608842134475708e-01 1.2403625994920731e-01</leafValues></_>
    <_>
      <internalNodes>
        0 -1 85843 -2.3930556199047714e-04</internalNodes>
      <leafValues>
        1.5930972993373871e-01 -3.9073181152343750e-01</leafValues></_>
    <_>
      <internalNodes>
        0 -1 105641 -2.1146486687939614e-05</internalNodes>
      <leafValues>
        1.4335387945175171e-01 -4.2666900157928467e-01</leafValues></_>
    <_>
      <internalNodes>
        0 -1 88298 2.0407675765454769e-03</internalNodes>
      <leafValues>
        1.0939463227987289e-01 -5.4689258337020874e-01</leafValues></_>
    <_>
      <internalNodes>
        0 -1 150913 -4.0010577067732811e-03</internalNodes>
      <leafValues>
        -6.5695703029632568e-01 8.0388359725475311e-02</leafValues></_>
    <_>
      <internalNodes>
        0 -1 13793 -5.3909997222945094e-04</internalNodes>
      <leafValues>
        -4.3339499831199646e-01 1.2740458548069000e-01</leafValues></_>
    <_>
      <internalNodes>
        0 -1 26125 5.2248832071200013e-04</internalNodes>
      <leafValues>
        1.4064837992191315e-01 -4.6385103464126587e-01</leafValues></_>
    <_>
      <internalNodes>
        0 -1 126149 -6.4890674548223615e-04</internalNodes>
      <leafValues>
        1.1075365543365479e-01 -4.8832386732101440e-01</leafValues></_>
    <_>
      <internalNodes>
        0 -1 96502 1.1534105397004168e-05</internalNodes>
      <leafValues>
        -4.6756139397621155e-01 1.1703106015920639e-01</leafValues></_></weakClassifiers></stage9>
</opencv_storage>
