<?xml version="1.0"?>
<opencv_storage>
<stage0>
  <maxWeakCount>4</maxWeakCount>
  <stageThreshold>-2.1576254367828369e+00</stageThreshold>
  <weakClassifiers>
    <_>
      <internalNodes>
        0 -1 96679 5.7879723608493805e-03</internalNodes>
      <leafValues>
        -9.1856998205184937e-01 6.7190068960189819e-01</leafValues></_>
    <_>
      <internalNodes>
        0 -1 104443 4.7223838046193123e-03</internalNodes>
      <leafValues>
        -8.2670706510543823e-01 5.5823045969009399e-01</leafValues></_>
    <_>
      <internalNodes>
        0 -1 102986 1.0156415402889252e-02</internalNodes>
      <leafValues>
        -6.8554741144180298e-01 5.2918070554733276e-01</leafValues></_>
    <_>
      <internalNodes>
        0 -1 96679 1.5497480053454638e-03</internalNodes>
      <leafValues>
        -7.9482805728912354e-01 2.7319908142089844e-01</leafValues></_></weakClassifiers></stage0>
</opencv_storage>
