<?xml version="1.0"?>
<opencv_storage>
<stage2>
  <maxWeakCount>9</maxWeakCount>
  <stageThreshold>-2.1440627574920654e+00</stageThreshold>
  <weakClassifiers>
    <_>
      <internalNodes>
        0 -1 96463 2.3337765596807003e-03</internalNodes>
      <leafValues>
        -8.5453379154205322e-01 3.5395047068595886e-01</leafValues></_>
    <_>
      <internalNodes>
        0 -1 94572 1.6997590661048889e-02</internalNodes>
      <leafValues>
        -7.0819467306137085e-01 4.3138375878334045e-01</leafValues></_>
    <_>
      <internalNodes>
        0 -1 137893 1.4384347014129162e-03</internalNodes>
      <leafValues>
        -7.1872621774673462e-01 3.7916594743728638e-01</leafValues></_>
    <_>
      <internalNodes>
        0 -1 104443 3.0424040742218494e-03</internalNodes>
      <leafValues>
        -7.0056778192520142e-01 3.7429377436637878e-01</leafValues></_>
    <_>
      <internalNodes>
        0 -1 92336 -2.2307200357317924e-02</internalNodes>
      <leafValues>
        4.8217666149139404e-01 -3.7207132577896118e-01</leafValues></_>
    <_>
      <internalNodes>
        0 -1 96583 6.9138268008828163e-04</internalNodes>
      <leafValues>
        -7.7019876241683960e-01 2.3657855391502380e-01</leafValues></_>
    <_>
      <internalNodes>
        0 -1 43338 1.9653010368347168e-01</internalNodes>
      <leafValues>
        -2.2951173782348633e-01 6.1459863185882568e-01</leafValues></_>
    <_>
      <internalNodes>
        0 -1 112917 4.9730967730283737e-03</internalNodes>
      <leafValues>
        1.7013502120971680e-01 -6.2049418687820435e-01</leafValues></_>
    <_>
      <internalNodes>
        0 -1 159832 -3.4624378895387053e-04</internalNodes>
      <leafValues>
        -5.3111445903778076e-01 1.7858111858367920e-01</leafValues></_></weakClassifiers></stage2>
</opencv_storage>
