<?xml version="1.0"?>
<opencv_storage>
<stage1>
  <maxWeakCount>7</maxWeakCount>
  <stageThreshold>-1.9455872774124146e+00</stageThreshold>
  <weakClassifiers>
    <_>
      <internalNodes>
        0 -1 96679 6.9063305854797363e-03</internalNodes>
      <leafValues>
        -8.6813932657241821e-01 5.3073704242706299e-01</leafValues></_>
    <_>
      <internalNodes>
        0 -1 104070 5.4404335096478462e-03</internalNodes>
      <leafValues>
        -8.3244347572326660e-01 4.0588766336441040e-01</leafValues></_>
    <_>
      <internalNodes>
        0 -1 102005 3.1443279236555099e-02</internalNodes>
      <leafValues>
        -5.7247614860534668e-01 5.7213413715362549e-01</leafValues></_>
    <_>
      <internalNodes>
        0 -1 96679 2.5838860310614109e-03</internalNodes>
      <leafValues>
        -8.0857622623443604e-01 3.2542952895164490e-01</leafValues></_>
    <_>
      <internalNodes>
        0 -1 114127 -2.3655891418457031e-03</internalNodes>
      <leafValues>
        4.5937964320182800e-01 -3.4412759542465210e-01</leafValues></_>
    <_>
      <internalNodes>
        0 -1 119351 5.2879741415381432e-03</internalNodes>
      <leafValues>
        2.1585869789123535e-01 -6.6248172521591187e-01</leafValues></_>
    <_>
      <internalNodes>
        0 -1 132402 7.0951774250715971e-04</internalNodes>
      <leafValues>
        -6.2479805946350098e-01 2.0514422655105591e-01</leafValues></_></weakClassifiers></stage1>
</opencv_storage>
