<?xml version="1.0"?>
<opencv_storage>
<stage8>
  <maxWeakCount>21</maxWeakCount>
  <stageThreshold>-2.0362193584442139e+00</stageThreshold>
  <weakClassifiers>
    <_>
      <internalNodes>
        0 -1 102049 -3.9611913263797760e-02</internalNodes>
      <leafValues>
        2.3835308849811554e-01 -6.7289137840270996e-01</leafValues></_>
    <_>
      <internalNodes>
        0 -1 119638 1.2974436394870281e-03</internalNodes>
      <leafValues>
        -5.9356170892715454e-01 1.9271841645240784e-01</leafValues></_>
    <_>
      <internalNodes>
        0 -1 96216 -2.3588715121150017e-03</internalNodes>
      <leafValues>
        1.9066463410854340e-01 -6.3514780998229980e-01</leafValues></_>
    <_>
      <internalNodes>
        0 -1 98130 6.4379442483186722e-03</internalNodes>
      <leafValues>
        -3.6676922440528870e-01 3.2764971256256104e-01</leafValues></_>
    <_>
      <internalNodes>
        0 -1 105189 -2.4523535103071481e-05</internalNodes>
      <leafValues>
        2.0527496933937073e-01 -5.9021663665771484e-01</leafValues></_>
    <_>
      <internalNodes>
        0 -1 112165 1.9780291040660813e-05</internalNodes>
      <leafValues>
        -7.0674914121627808e-01 1.3710479438304901e-01</leafValues></_>
    <_>
      <internalNodes>
        0 -1 155388 -4.3656735215336084e-04</internalNodes>
      <leafValues>
        -5.6092739105224609e-01 1.4339593052864075e-01</leafValues></_>
    <_>
      <internalNodes>
        0 -1 152120 5.4328789701685309e-04</internalNodes>
      <leafValues>
        2.0061154663562775e-01 -5.8656185865402222e-01</leafValues></_>
    <_>
      <internalNodes>
        0 -1 56874 -1.5183249488472939e-03</internalNodes>
      <leafValues>
        1.9314707815647125e-01 -4.4683730602264404e-01</leafValues></_>
    <_>
      <internalNodes>
        0 -1 95826 -3.5939873196184635e-03</internalNodes>
      <leafValues>
        -7.8150564432144165e-01 1.4219148457050323e-01</leafValues></_>
    <_>
      <internalNodes>
        0 -1 126397 2.3152271751314402e-05</internalNodes>
      <leafValues>
        -5.8142620325088501e-01 1.2047200649976730e-01</leafValues></_>
    <_>
      <internalNodes>
        0 -1 66216 1.9602570682764053e-02</internalNodes>
      <leafValues>
        -2.0159700512886047e-01 4.3855401873588562e-01</leafValues></_>
    <_>
      <internalNodes>
        0 -1 4466 -1.2520521879196167e-01</internalNodes>
      <leafValues>
        6.0668808221817017e-01 -1.1801036447286606e-01</leafValues></_>
    <_>
      <internalNodes>
        0 -1 118627 8.6515315342694521e-04</internalNodes>
      <leafValues>
        1.2858748435974121e-01 -5.5927848815917969e-01</leafValues></_>
    <_>
      <internalNodes>
        0 -1 143227 1.3346548657864332e-03</internalNodes>
      <leafValues>
        1.2499605119228363e-01 -5.3567481040954590e-01</leafValues></_>
    <_>
      <internalNodes>
        0 -1 133032 -2.4884075173758902e-05</internalNodes>
      <leafValues>
        1.5629920363426208e-01 -4.5430719852447510e-01</leafValues></_>
    <_>
      <internalNodes>
        0 -1 106120 2.7760825469158590e-04</internalNodes>
      <leafValues>
        -3.3355596661567688e-01 1.9568146765232086e-01</leafValues></_>
    <_>
      <internalNodes>
        0 -1 118627 -6.0573156224563718e-04</internalNodes>
      <leafValues>
        -5.5601823329925537e-01 9.9287584424018860e-02</leafValues></_>
    <_>
      <internalNodes>
        0 -1 126079 -7.8375218436121941e-04</internalNodes>
      <leafValues>
        2.1778538823127747e-01 -2.7899733185768127e-01</leafValues></_>
    <_>
      <internalNodes>
        0 -1 26045 -2.9520638054236770e-04</internalNodes>
      <leafValues>
        -3.8491865992546082e-01 1.4133296906948090e-01</leafValues></_>
    <_>
      <internalNodes>
        0 -1 401 5.0839013420045376e-04</internalNodes>
      <leafValues>
        1.7336291074752808e-01 -4.3401631712913513e-01</leafValues></_></weakClassifiers></stage8>
</opencv_storage>
