<?xml version="1.0"?>
<opencv_storage>
<stage6>
  <maxWeakCount>17</maxWeakCount>
  <stageThreshold>-2.1418995857238770e+00</stageThreshold>
  <weakClassifiers>
    <_>
      <internalNodes>
        0 -1 93515 4.3348334729671478e-02</internalNodes>
      <leafValues>
        -6.8261158466339111e-01 3.9892378449440002e-01</leafValues></_>
    <_>
      <internalNodes>
        0 -1 137896 -1.2363973073661327e-03</internalNodes>
      <leafValues>
        2.1895813941955566e-01 -6.5607756376266479e-01</leafValues></_>
    <_>
      <internalNodes>
        0 -1 112170 7.9059350537136197e-04</internalNodes>
      <leafValues>
        -6.3213109970092773e-01 1.9427578151226044e-01</leafValues></_>
    <_>
      <internalNodes>
        0 -1 114127 -3.3209188841283321e-03</internalNodes>
      <leafValues>
        4.3601027131080627e-01 -3.0025959014892578e-01</leafValues></_>
    <_>
      <internalNodes>
        0 -1 87697 1.9622417166829109e-03</internalNodes>
      <leafValues>
        -7.3043197393417358e-01 1.7347784340381622e-01</leafValues></_>
    <_>
      <internalNodes>
        0 -1 6873 -9.4526186585426331e-02</internalNodes>
      <leafValues>
        5.2576434612274170e-01 -2.3818384110927582e-01</leafValues></_>
    <_>
      <internalNodes>
        0 -1 126075 5.0260773859918118e-03</internalNodes>
      <leafValues>
        1.4899323880672455e-01 -6.7204082012176514e-01</leafValues></_>
    <_>
      <internalNodes>
        0 -1 132402 1.9842595793306828e-03</internalNodes>
      <leafValues>
        -6.6634219884872437e-01 1.7827832698822021e-01</leafValues></_>
    <_>
      <internalNodes>
        0 -1 131271 3.3465170417912304e-04</internalNodes>
      <leafValues>
        -4.8815870285034180e-01 1.8370015919208527e-01</leafValues></_>
    <_>
      <internalNodes>
        0 -1 81 4.2933813529089093e-04</internalNodes>
      <leafValues>
        1.5568947792053223e-01 -5.9973025321960449e-01</leafValues></_>
    <_>
      <internalNodes>
        0 -1 1 -2.2630546300206333e-04</internalNodes>
      <leafValues>
        -6.4811050891876221e-01 1.6595266759395599e-01</leafValues></_>
    <_>
      <internalNodes>
        0 -1 88296 -2.1661748178303242e-05</internalNodes>
      <leafValues>
        1.7426878213882446e-01 -4.4694218039512634e-01</leafValues></_>
    <_>
      <internalNodes>
        0 -1 104748 2.1611366537399590e-04</internalNodes>
      <leafValues>
        -6.1251980066299438e-01 1.3751013576984406e-01</leafValues></_>
    <_>
      <internalNodes>
        0 -1 102722 -2.2322968579828739e-03</internalNodes>
      <leafValues>
        -6.2448823451995850e-01 1.3108000159263611e-01</leafValues></_>
    <_>
      <internalNodes>
        0 -1 125427 -4.6954938443377614e-04</internalNodes>
      <leafValues>
        1.2604564428329468e-01 -5.0446534156799316e-01</leafValues></_>
    <_>
      <internalNodes>
        0 -1 147306 -1.3165697455406189e-03</internalNodes>
      <leafValues>
        -5.7456147670745850e-01 1.1251481622457504e-01</leafValues></_>
    <_>
      <internalNodes>
        0 -1 113755 1.0077287697640713e-05</internalNodes>
      <leafValues>
        -3.3598095178604126e-01 2.1427379548549652e-01</leafValues></_></weakClassifiers></stage6>
</opencv_storage>
