<?xml version="1.0"?>
<opencv_storage>
<stage5>
  <maxWeakCount>16</maxWeakCount>
  <stageThreshold>-2.2298684120178223e+00</stageThreshold>
  <weakClassifiers>
    <_>
      <internalNodes>
        0 -1 40964 4.3451257050037384e-02</internalNodes>
      <leafValues>
        -6.5135663747787476e-01 4.6451461315155029e-01</leafValues></_>
    <_>
      <internalNodes>
        0 -1 78266 1.2686741538345814e-03</internalNodes>
      <leafValues>
        -6.4819288253784180e-01 2.4888758361339569e-01</leafValues></_>
    <_>
      <internalNodes>
        0 -1 119345 -2.1102868486195803e-03</internalNodes>
      <leafValues>
        2.2548261284828186e-01 -6.9165986776351929e-01</leafValues></_>
    <_>
      <internalNodes>
        0 -1 78303 6.9767993409186602e-04</internalNodes>
      <leafValues>
        -6.2942814826965332e-01 2.5344848632812500e-01</leafValues></_>
    <_>
      <internalNodes>
        0 -1 133288 4.3619796633720398e-04</internalNodes>
      <leafValues>
        -4.6677243709564209e-01 3.0673903226852417e-01</leafValues></_>
    <_>
      <internalNodes>
        0 -1 111947 -1.2197613250464201e-03</internalNodes>
      <leafValues>
        2.8153699636459351e-01 -4.6784028410911560e-01</leafValues></_>
    <_>
      <internalNodes>
        0 -1 136933 -3.4247495234012604e-02</internalNodes>
      <leafValues>
        5.5299413204193115e-01 -2.2482104599475861e-01</leafValues></_>
    <_>
      <internalNodes>
        0 -1 126537 1.6020380426198244e-03</internalNodes>
      <leafValues>
        -7.2503352165222168e-01 1.3631632924079895e-01</leafValues></_>
    <_>
      <internalNodes>
        0 -1 161 3.7540931953117251e-04</internalNodes>
      <leafValues>
        1.8240061402320862e-01 -5.6670540571212769e-01</leafValues></_>
    <_>
      <internalNodes>
        0 -1 161 -3.1692016636952758e-04</internalNodes>
      <leafValues>
        -6.2509417533874512e-01 2.1841211616992950e-01</leafValues></_>
    <_>
      <internalNodes>
        0 -1 104441 8.9737086091190577e-04</internalNodes>
      <leafValues>
        -6.6503053903579712e-01 1.6164083778858185e-01</leafValues></_>
    <_>
      <internalNodes>
        0 -1 81374 -7.1100100874900818e-02</internalNodes>
      <leafValues>
        5.2841031551361084e-01 -2.1795126795768738e-01</leafValues></_>
    <_>
      <internalNodes>
        0 -1 126769 1.0456463787704706e-03</internalNodes>
      <leafValues>
        1.9412070512771606e-01 -4.9068078398704529e-01</leafValues></_>
    <_>
      <internalNodes>
        0 -1 137858 2.2680285837850533e-05</internalNodes>
      <leafValues>
        -5.7110857963562012e-01 1.3964582979679108e-01</leafValues></_>
    <_>
      <internalNodes>
        0 -1 97691 1.3538631610572338e-03</internalNodes>
      <leafValues>
        -2.9494085907936096e-01 2.6169365644454956e-01</leafValues></_>
    <_>
      <internalNodes>
        0 -1 138647 -1.7774541629478335e-03</internalNodes>
      <leafValues>
        -6.1557239294052124e-01 1.0905903577804565e-01</leafValues></_></weakClassifiers></stage5>
</opencv_storage>
