<?xml version="1.0"?>
<opencv_storage>
<stage2>
  <maxWeakCount>10</maxWeakCount>
  <stageThreshold>-2.0743186473846436e+00</stageThreshold>
  <weakClassifiers>
    <_>
      <internalNodes>
        0 -1 137893 2.5132070295512676e-03</internalNodes>
      <leafValues>
        -8.3615767955780029e-01 3.3225926756858826e-01</leafValues></_>
    <_>
      <internalNodes>
        0 -1 102005 3.7642620503902435e-02</internalNodes>
      <leafValues>
        -6.0055822134017944e-01 5.2681708335876465e-01</leafValues></_>
    <_>
      <internalNodes>
        0 -1 104443 3.5629994235932827e-03</internalNodes>
      <leafValues>
        -7.6488435268402100e-01 3.7569591403007507e-01</leafValues></_>
    <_>
      <internalNodes>
        0 -1 96543 1.3376974966377020e-03</internalNodes>
      <leafValues>
        -8.2230335474014282e-01 3.6778885126113892e-01</leafValues></_>
    <_>
      <internalNodes>
        0 -1 114127 -2.3655891418457031e-03</internalNodes>
      <leafValues>
        3.9888858795166016e-01 -4.1710820794105530e-01</leafValues></_>
    <_>
      <internalNodes>
        0 -1 88183 3.1273523345589638e-03</internalNodes>
      <leafValues>
        2.3986989259719849e-01 -5.8635097742080688e-01</leafValues></_>
    <_>
      <internalNodes>
        0 -1 137858 1.3073351874481887e-04</internalNodes>
      <leafValues>
        -6.8574523925781250e-01 2.0210061967372894e-01</leafValues></_>
    <_>
      <internalNodes>
        0 -1 96511 1.5166830271482468e-03</internalNodes>
      <leafValues>
        1.8086549639701843e-01 -6.5728890895843506e-01</leafValues></_>
    <_>
      <internalNodes>
        0 -1 131803 -3.1790405046194792e-04</internalNodes>
      <leafValues>
        2.1094021201133728e-01 -4.6286350488662720e-01</leafValues></_>
    <_>
      <internalNodes>
        0 -1 161187 -1.5241166693158448e-04</internalNodes>
      <leafValues>
        -6.1019897460937500e-01 2.3067064583301544e-01</leafValues></_></weakClassifiers></stage2>
</opencv_storage>
