<?xml version="1.0"?>
<opencv_storage>
<stage3>
  <maxWeakCount>12</maxWeakCount>
  <stageThreshold>-1.9653789997100830e+00</stageThreshold>
  <weakClassifiers>
    <_>
      <internalNodes>
        0 -1 102004 3.3403076231479645e-02</internalNodes>
      <leafValues>
        -6.9558578729629517e-01 3.8228991627693176e-01</leafValues></_>
    <_>
      <internalNodes>
        0 -1 137853 1.0577696375548840e-03</internalNodes>
      <leafValues>
        -7.6592177152633667e-01 3.7435004115104675e-01</leafValues></_>
    <_>
      <internalNodes>
        0 -1 104441 1.6255450900644064e-03</internalNodes>
      <leafValues>
        -7.5726771354675293e-01 2.7544105052947998e-01</leafValues></_>
    <_>
      <internalNodes>
        0 -1 96216 -2.4759578518569469e-03</internalNodes>
      <leafValues>
        2.8924825787544250e-01 -6.1247098445892334e-01</leafValues></_>
    <_>
      <internalNodes>
        0 -1 112570 -4.3230329174548388e-04</internalNodes>
      <leafValues>
        2.6954573392868042e-01 -6.2178224325180054e-01</leafValues></_>
    <_>
      <internalNodes>
        0 -1 161187 1.2650966527871788e-04</internalNodes>
      <leafValues>
        2.3115071654319763e-01 -6.0816025733947754e-01</leafValues></_>
    <_>
      <internalNodes>
        0 -1 80179 1.4454843476414680e-02</internalNodes>
      <leafValues>
        -2.8601333498954773e-01 4.8167750239372253e-01</leafValues></_>
    <_>
      <internalNodes>
        0 -1 111809 -4.3850857764482498e-04</internalNodes>
      <leafValues>
        3.1263414025306702e-01 -4.4128876924514771e-01</leafValues></_>
    <_>
      <internalNodes>
        0 -1 161187 -1.5591691771987826e-04</internalNodes>
      <leafValues>
        -7.2693163156509399e-01 1.4535222947597504e-01</leafValues></_>
    <_>
      <internalNodes>
        0 -1 78051 4.6117217279970646e-03</internalNodes>
      <leafValues>
        -6.5557390451431274e-01 1.8904133141040802e-01</leafValues></_>
    <_>
      <internalNodes>
        0 -1 81334 -6.1173748224973679e-02</internalNodes>
      <leafValues>
        5.4216200113296509e-01 -2.1901088953018188e-01</leafValues></_>
    <_>
      <internalNodes>
        0 -1 81 -2.9720817110501230e-04</internalNodes>
      <leafValues>
        -5.4283690452575684e-01 2.1277606487274170e-01</leafValues></_></weakClassifiers></stage3>
</opencv_storage>
