<?xml version="1.0"?>
<opencv_storage>
<stage8>
  <maxWeakCount>19</maxWeakCount>
  <stageThreshold>-2.0628170967102051e+00</stageThreshold>
  <weakClassifiers>
    <_>
      <internalNodes>
        0 -1 93515 4.6310644596815109e-02</internalNodes>
      <leafValues>
        -6.4134609699249268e-01 2.4619640409946442e-01</leafValues></_>
    <_>
      <internalNodes>
        0 -1 87619 1.8982752226293087e-03</internalNodes>
      <leafValues>
        -6.1953926086425781e-01 1.9754056632518768e-01</leafValues></_>
    <_>
      <internalNodes>
        0 -1 136636 -5.8037616312503815e-02</internalNodes>
      <leafValues>
        5.4593610763549805e-01 -2.5714236497879028e-01</leafValues></_>
    <_>
      <internalNodes>
        0 -1 138338 -2.2342617739923298e-05</internalNodes>
      <leafValues>
        2.3127280175685883e-01 -5.3820902109146118e-01</leafValues></_>
    <_>
      <internalNodes>
        0 -1 137858 5.2200758364051580e-04</internalNodes>
      <leafValues>
        -6.5138280391693115e-01 1.8310314416885376e-01</leafValues></_>
    <_>
      <internalNodes>
        0 -1 96511 -1.3094003406877164e-05</internalNodes>
      <leafValues>
        1.9172033667564392e-01 -6.4487785100936890e-01</leafValues></_>
    <_>
      <internalNodes>
        0 -1 131573 9.6161523833870888e-04</internalNodes>
      <leafValues>
        -4.9171370267868042e-01 2.1563072502613068e-01</leafValues></_>
    <_>
      <internalNodes>
        0 -1 155313 -2.3307336959987879e-04</internalNodes>
      <leafValues>
        -5.5062299966812134e-01 1.5160977840423584e-01</leafValues></_>
    <_>
      <internalNodes>
        0 -1 155313 2.5084236403927207e-04</internalNodes>
      <leafValues>
        2.1266700327396393e-01 -5.8933508396148682e-01</leafValues></_>
    <_>
      <internalNodes>
        0 -1 121057 -1.5329442685469985e-03</internalNodes>
      <leafValues>
        3.0190157890319824e-01 -3.2690539956092834e-01</leafValues></_>
    <_>
      <internalNodes>
        0 -1 133264 2.2541615180671215e-05</internalNodes>
      <leafValues>
        -3.5182985663414001e-01 2.4610993266105652e-01</leafValues></_>
    <_>
      <internalNodes>
        0 -1 119526 1.5378491953015327e-03</internalNodes>
      <leafValues>
        -7.3154324293136597e-01 9.2831477522850037e-02</leafValues></_>
    <_>
      <internalNodes>
        0 -1 112165 2.1052663214504719e-04</internalNodes>
      <leafValues>
        -5.5405086278915405e-01 1.4464361965656281e-01</leafValues></_>
    <_>
      <internalNodes>
        0 -1 120572 1.3608218869194388e-03</internalNodes>
      <leafValues>
        1.0669806599617004e-01 -6.8147271871566772e-01</leafValues></_>
    <_>
      <internalNodes>
        0 -1 120572 -1.3769509969279170e-03</internalNodes>
      <leafValues>
        -6.5124899148941040e-01 1.0262717306613922e-01</leafValues></_>
    <_>
      <internalNodes>
        0 -1 5284 -1.0714885592460632e-01</internalNodes>
      <leafValues>
        5.7165479660034180e-01 -1.3892847299575806e-01</leafValues></_>
    <_>
      <internalNodes>
        0 -1 42495 5.8176029473543167e-02</internalNodes>
      <leafValues>
        -1.8068303167819977e-01 4.5756763219833374e-01</leafValues></_>
    <_>
      <internalNodes>
        0 -1 86427 1.0194769129157066e-02</internalNodes>
      <leafValues>
        1.8851505219936371e-01 -3.6103609204292297e-01</leafValues></_>
    <_>
      <internalNodes>
        0 -1 104863 8.4616045933216810e-04</internalNodes>
      <leafValues>
        -6.6381371021270752e-01 9.3458928167819977e-02</leafValues></_></weakClassifiers></stage8>
</opencv_storage>
