<?xml version="1.0"?>
<opencv_storage>
<stage7>
  <maxWeakCount>16</maxWeakCount>
  <stageThreshold>-1.9256956577301025e+00</stageThreshold>
  <weakClassifiers>
    <_>
      <internalNodes>
        0 -1 116325 -4.1133824735879898e-02</internalNodes>
      <leafValues>
        3.6388412117958069e-01 -6.5844887495040894e-01</leafValues></_>
    <_>
      <internalNodes>
        0 -1 137896 -1.2351213954389095e-03</internalNodes>
      <leafValues>
        2.1954320371150970e-01 -6.6208350658416748e-01</leafValues></_>
    <_>
      <internalNodes>
        0 -1 89261 8.8443071581423283e-04</internalNodes>
      <leafValues>
        -4.2810416221618652e-01 3.0476874113082886e-01</leafValues></_>
    <_>
      <internalNodes>
        0 -1 87577 7.0305634289979935e-04</internalNodes>
      <leafValues>
        -6.0931432247161865e-01 2.5303009152412415e-01</leafValues></_>
    <_>
      <internalNodes>
        0 -1 86327 -1.1441280366852880e-03</internalNodes>
      <leafValues>
        2.1463401615619659e-01 -5.3223747014999390e-01</leafValues></_>
    <_>
      <internalNodes>
        0 -1 112579 1.3147466233931482e-04</internalNodes>
      <leafValues>
        -6.3802969455718994e-01 2.0314431190490723e-01</leafValues></_>
    <_>
      <internalNodes>
        0 -1 147267 -1.0265314485877752e-03</internalNodes>
      <leafValues>
        -7.0264720916748047e-01 1.4840717613697052e-01</leafValues></_>
    <_>
      <internalNodes>
        0 -1 105670 -2.8081813070457429e-05</internalNodes>
      <leafValues>
        1.6499680280685425e-01 -5.4850071668624878e-01</leafValues></_>
    <_>
      <internalNodes>
        0 -1 114141 -2.9343743808567524e-03</internalNodes>
      <leafValues>
        3.0390712618827820e-01 -2.9324585199356079e-01</leafValues></_>
    <_>
      <internalNodes>
        0 -1 88594 -3.6870928015559912e-03</internalNodes>
      <leafValues>
        -7.5348675251007080e-01 8.7892986834049225e-02</leafValues></_>
    <_>
      <internalNodes>
        0 -1 126062 -1.9042828353121877e-04</internalNodes>
      <leafValues>
        1.3434788584709167e-01 -5.5489271879196167e-01</leafValues></_>
    <_>
      <internalNodes>
        0 -1 118632 2.4445932358503342e-03</internalNodes>
      <leafValues>
        1.1825887113809586e-01 -7.2570741176605225e-01</leafValues></_>
    <_>
      <internalNodes>
        0 -1 118627 -7.0574216078966856e-04</internalNodes>
      <leafValues>
        -6.3202852010726929e-01 1.1470901966094971e-01</leafValues></_>
    <_>
      <internalNodes>
        0 -1 68204 6.3774327281862497e-04</internalNodes>
      <leafValues>
        -5.3790360689163208e-01 1.3529448211193085e-01</leafValues></_>
    <_>
      <internalNodes>
        0 -1 241 6.6336570307612419e-04</internalNodes>
      <leafValues>
        1.3070674240589142e-01 -5.6700205802917480e-01</leafValues></_>
    <_>
      <internalNodes>
        0 -1 401 -2.7732868329621851e-04</internalNodes>
      <leafValues>
        -4.8057803511619568e-01 1.9032785296440125e-01</leafValues></_></weakClassifiers></stage7>
</opencv_storage>
