<?xml version="1.0"?>
<opencv_storage>
<stage5>
  <maxWeakCount>13</maxWeakCount>
  <stageThreshold>-2.1769268512725830e+00</stageThreshold>
  <weakClassifiers>
    <_>
      <internalNodes>
        0 -1 141984 -2.0984508097171783e-02</internalNodes>
      <leafValues>
        4.7663056850433350e-01 -6.0688483715057373e-01</leafValues></_>
    <_>
      <internalNodes>
        0 -1 90989 -5.9059988707304001e-02</internalNodes>
      <leafValues>
        5.5952584743499756e-01 -3.7986284494400024e-01</leafValues></_>
    <_>
      <internalNodes>
        0 -1 96679 5.8140223845839500e-03</internalNodes>
      <leafValues>
        -7.1672827005386353e-01 2.6669421792030334e-01</leafValues></_>
    <_>
      <internalNodes>
        0 -1 119351 2.9723609331995249e-03</internalNodes>
      <leafValues>
        2.3533609509468079e-01 -7.2237247228622437e-01</leafValues></_>
    <_>
      <internalNodes>
        0 -1 113990 -6.6995648667216301e-03</internalNodes>
      <leafValues>
        3.1448528170585632e-01 -4.1574388742446899e-01</leafValues></_>
    <_>
      <internalNodes>
        0 -1 119345 -1.0607901494950056e-03</internalNodes>
      <leafValues>
        2.5065782666206360e-01 -6.8860483169555664e-01</leafValues></_>
    <_>
      <internalNodes>
        0 -1 104748 3.5883500822819769e-04</internalNodes>
      <leafValues>
        -6.9352239370346069e-01 1.6562102735042572e-01</leafValues></_>
    <_>
      <internalNodes>
        0 -1 111947 -1.8729814328253269e-03</internalNodes>
      <leafValues>
        3.2404941320419312e-01 -4.1394549608230591e-01</leafValues></_>
    <_>
      <internalNodes>
        0 -1 161185 -1.2864806922152638e-04</internalNodes>
      <leafValues>
        -6.2726318836212158e-01 1.9323226809501648e-01</leafValues></_>
    <_>
      <internalNodes>
        0 -1 161185 1.3322808081284165e-04</internalNodes>
      <leafValues>
        2.2111764550209045e-01 -6.4842319488525391e-01</leafValues></_>
    <_>
      <internalNodes>
        0 -1 132402 1.4267909573391080e-03</internalNodes>
      <leafValues>
        -7.0589268207550049e-01 1.4028458297252655e-01</leafValues></_>
    <_>
      <internalNodes>
        0 -1 105156 4.0572294965386391e-03</internalNodes>
      <leafValues>
        1.2145666033029556e-01 -6.3315117359161377e-01</leafValues></_>
    <_>
      <internalNodes>
        0 -1 55081 3.9106771349906921e-02</internalNodes>
      <leafValues>
        -1.9513185322284698e-01 5.0459206104278564e-01</leafValues></_></weakClassifiers></stage5>
</opencv_storage>
