<?xml version="1.0"?>
<opencv_storage>
<stage4>
  <maxWeakCount>13</maxWeakCount>
  <stageThreshold>-2.0712919235229492e+00</stageThreshold>
  <weakClassifiers>
    <_>
      <internalNodes>
        0 -1 108920 -5.1959134638309479e-02</internalNodes>
      <leafValues>
        4.3725821375846863e-01 -6.5260517597198486e-01</leafValues></_>
    <_>
      <internalNodes>
        0 -1 96463 2.2270814515650272e-03</internalNodes>
      <leafValues>
        -6.8780463933944702e-01 3.0374413728713989e-01</leafValues></_>
    <_>
      <internalNodes>
        0 -1 126067 -7.6057016849517822e-04</internalNodes>
      <leafValues>
        3.0063343048095703e-01 -6.8451505899429321e-01</leafValues></_>
    <_>
      <internalNodes>
        0 -1 126509 1.7437342321500182e-03</internalNodes>
      <leafValues>
        -7.9211187362670898e-01 2.5121918320655823e-01</leafValues></_>
    <_>
      <internalNodes>
        0 -1 102986 1.0186837986111641e-02</internalNodes>
      <leafValues>
        -5.3206175565719604e-01 2.8672429919242859e-01</leafValues></_>
    <_>
      <internalNodes>
        0 -1 81 2.8143369127064943e-04</internalNodes>
      <leafValues>
        2.0420037209987640e-01 -6.0240811109542847e-01</leafValues></_>
    <_>
      <internalNodes>
        0 -1 161 -1.5810554032213986e-04</internalNodes>
      <leafValues>
        -5.6962156295776367e-01 2.4048297107219696e-01</leafValues></_>
    <_>
      <internalNodes>
        0 -1 133288 4.6033182297833264e-04</internalNodes>
      <leafValues>
        -4.3630787730216980e-01 2.7619794011116028e-01</leafValues></_>
    <_>
      <internalNodes>
        0 -1 111818 4.1340570896863937e-04</internalNodes>
      <leafValues>
        -5.8136510848999023e-01 2.0817954838275909e-01</leafValues></_>
    <_>
      <internalNodes>
        0 -1 138277 -2.0996365492464975e-05</internalNodes>
      <leafValues>
        1.7318814992904663e-01 -5.5622225999832153e-01</leafValues></_>
    <_>
      <internalNodes>
        0 -1 138647 -9.3365879729390144e-04</internalNodes>
      <leafValues>
        -5.4555320739746094e-01 1.6207329928874969e-01</leafValues></_>
    <_>
      <internalNodes>
        0 -1 159832 -2.7624014182947576e-04</internalNodes>
      <leafValues>
        -4.9433848261833191e-01 1.7239411175251007e-01</leafValues></_>
    <_>
      <internalNodes>
        0 -1 159832 2.4111449602060020e-04</internalNodes>
      <leafValues>
        2.5403642654418945e-01 -5.3558033704757690e-01</leafValues></_></weakClassifiers></stage4>
</opencv_storage>
