<?xml version="1.0"?>
<opencv_storage>
<stage0>
  <maxWeakCount>4</maxWeakCount>
  <stageThreshold>-2.0198757648468018e+00</stageThreshold>
  <weakClassifiers>
    <_>
      <internalNodes>
        0 -1 96679 5.7740854099392891e-03</internalNodes>
      <leafValues>
        -9.1949814558029175e-01 6.7924940586090088e-01</leafValues></_>
    <_>
      <internalNodes>
        0 -1 104443 4.4811721891164780e-03</internalNodes>
      <leafValues>
        -8.3569872379302979e-01 5.4637926816940308e-01</leafValues></_>
    <_>
      <internalNodes>
        0 -1 102005 3.1111394986510277e-02</internalNodes>
      <leafValues>
        -5.8575820922851562e-01 6.5498721599578857e-01</leafValues></_>
    <_>
      <internalNodes>
        0 -1 87820 1.5849003102630377e-03</internalNodes>
      <leafValues>
        -7.8541779518127441e-01 3.2107928395271301e-01</leafValues></_></weakClassifiers></stage0>
</opencv_storage>
