<?xml version="1.0"?>
<opencv_storage>
<stage1>
  <maxWeakCount>8</maxWeakCount>
  <stageThreshold>-2.2132706642150879e+00</stageThreshold>
  <weakClassifiers>
    <_>
      <internalNodes>
        0 -1 96679 6.9829486310482025e-03</internalNodes>
      <leafValues>
        -8.6450606584548950e-01 5.1387447118759155e-01</leafValues></_>
    <_>
      <internalNodes>
        0 -1 104070 5.4258722811937332e-03</internalNodes>
      <leafValues>
        -8.3346134424209595e-01 3.9998570084571838e-01</leafValues></_>
    <_>
      <internalNodes>
        0 -1 94572 1.5096638351678848e-02</internalNodes>
      <leafValues>
        -6.2694793939590454e-01 4.8848375678062439e-01</leafValues></_>
    <_>
      <internalNodes>
        0 -1 96679 2.4099070578813553e-03</internalNodes>
      <leafValues>
        -8.0850321054458618e-01 2.6986277103424072e-01</leafValues></_>
    <_>
      <internalNodes>
        0 -1 99709 -4.2259037494659424e-02</internalNodes>
      <leafValues>
        6.2493950128555298e-01 -3.3209016919136047e-01</leafValues></_>
    <_>
      <internalNodes>
        0 -1 88473 3.5000997595489025e-03</internalNodes>
      <leafValues>
        2.2051803767681122e-01 -6.7658483982086182e-01</leafValues></_>
    <_>
      <internalNodes>
        0 -1 119353 8.5532916709780693e-03</internalNodes>
      <leafValues>
        1.9054378569126129e-01 -6.5174752473831177e-01</leafValues></_>
    <_>
      <internalNodes>
        0 -1 87239 9.3664228916168213e-04</internalNodes>
      <leafValues>
        -6.1059969663619995e-01 1.8517273664474487e-01</leafValues></_></weakClassifiers></stage1>
</opencv_storage>
