<?xml version="1.0"?>
<opencv_storage>
<stage6>
  <maxWeakCount>17</maxWeakCount>
  <stageThreshold>-1.9795908927917480e+00</stageThreshold>
  <weakClassifiers>
    <_>
      <internalNodes>
        0 -1 40964 4.3453350663185120e-02</internalNodes>
      <leafValues>
        -6.3622927665710449e-01 3.2705762982368469e-01</leafValues></_>
    <_>
      <internalNodes>
        0 -1 104743 1.0964274406433105e-03</internalNodes>
      <leafValues>
        -7.0750278234481812e-01 2.3730112612247467e-01</leafValues></_>
    <_>
      <internalNodes>
        0 -1 98130 6.4374171197414398e-03</internalNodes>
      <leafValues>
        -4.3613037467002869e-01 3.6260616779327393e-01</leafValues></_>
    <_>
      <internalNodes>
        0 -1 131567 1.4939073007553816e-03</internalNodes>
      <leafValues>
        -3.8083142042160034e-01 3.7716883420944214e-01</leafValues></_>
    <_>
      <internalNodes>
        0 -1 142825 6.0168339405208826e-04</internalNodes>
      <leafValues>
        -5.8198976516723633e-01 2.2962483763694763e-01</leafValues></_>
    <_>
      <internalNodes>
        0 -1 161 3.1588782439939678e-04</internalNodes>
      <leafValues>
        2.0515081286430359e-01 -5.6905001401901245e-01</leafValues></_>
    <_>
      <internalNodes>
        0 -1 241 -2.2506320965476334e-04</internalNodes>
      <leafValues>
        -5.9338349103927612e-01 2.0695663988590240e-01</leafValues></_>
    <_>
      <internalNodes>
        0 -1 112170 5.9928128030151129e-04</internalNodes>
      <leafValues>
        -6.3451904058456421e-01 1.9057919085025787e-01</leafValues></_>
    <_>
      <internalNodes>
        0 -1 113755 2.1028856281191111e-05</internalNodes>
      <leafValues>
        -4.3928077816963196e-01 1.9837978482246399e-01</leafValues></_>
    <_>
      <internalNodes>
        0 -1 119403 9.8357759416103363e-03</internalNodes>
      <leafValues>
        1.5252065658569336e-01 -6.6413992643356323e-01</leafValues></_>
    <_>
      <internalNodes>
        0 -1 119715 8.0065068323165178e-04</internalNodes>
      <leafValues>
        -7.0304822921752930e-01 1.1639628559350967e-01</leafValues></_>
    <_>
      <internalNodes>
        0 -1 159812 -2.5493430439382792e-04</internalNodes>
      <leafValues>
        -5.5220526456832886e-01 1.5164332091808319e-01</leafValues></_>
    <_>
      <internalNodes>
        0 -1 157756 4.7940498916432261e-04</internalNodes>
      <leafValues>
        1.8034337460994720e-01 -5.7075852155685425e-01</leafValues></_>
    <_>
      <internalNodes>
        0 -1 92336 -2.3734526708722115e-02</internalNodes>
      <leafValues>
        3.8688731193542480e-01 -2.6946195960044861e-01</leafValues></_>
    <_>
      <internalNodes>
        0 -1 78271 7.7422801405191422e-04</internalNodes>
      <leafValues>
        -4.2073687911033630e-01 1.9548200070858002e-01</leafValues></_>
    <_>
      <internalNodes>
        0 -1 125758 -2.2755397367291152e-04</internalNodes>
      <leafValues>
        1.3230019807815552e-01 -5.7934683561325073e-01</leafValues></_>
    <_>
      <internalNodes>
        0 -1 68367 1.3389201834797859e-02</internalNodes>
      <leafValues>
        1.0921186953783035e-01 -6.3903903961181641e-01</leafValues></_></weakClassifiers></stage6>
</opencv_storage>
