<?xml version="1.0"?>
<opencv_storage>
<stage9>
  <maxWeakCount>23</maxWeakCount>
  <stageThreshold>-2.0415637493133545e+00</stageThreshold>
  <weakClassifiers>
    <_>
      <internalNodes>
        0 -1 18399 4.2458303272724152e-02</internalNodes>
      <leafValues>
        -6.4820396900177002e-01 2.2900338470935822e-01</leafValues></_>
    <_>
      <internalNodes>
        0 -1 119638 1.3877379242330790e-03</internalNodes>
      <leafValues>
        -5.8197623491287231e-01 2.2480438649654388e-01</leafValues></_>
    <_>
      <internalNodes>
        0 -1 97131 -2.3441942175850272e-05</internalNodes>
      <leafValues>
        1.9735360145568848e-01 -5.9125834703445435e-01</leafValues></_>
    <_>
      <internalNodes>
        0 -1 103655 1.4193910174071789e-03</internalNodes>
      <leafValues>
        -3.9532077312469482e-01 2.8840202093124390e-01</leafValues></_>
    <_>
      <internalNodes>
        0 -1 133409 -8.3959393668919802e-04</internalNodes>
      <leafValues>
        2.7249190211296082e-01 -3.7442266941070557e-01</leafValues></_>
    <_>
      <internalNodes>
        0 -1 95780 -1.7371373251080513e-03</internalNodes>
      <leafValues>
        -7.8773605823516846e-01 1.4207930862903595e-01</leafValues></_>
    <_>
      <internalNodes>
        0 -1 152140 -4.1689450154080987e-04</internalNodes>
      <leafValues>
        -5.4022264480590820e-01 1.5995559096336365e-01</leafValues></_>
    <_>
      <internalNodes>
        0 -1 152140 2.7522697928361595e-04</internalNodes>
      <leafValues>
        2.1419623494148254e-01 -4.8993438482284546e-01</leafValues></_>
    <_>
      <internalNodes>
        0 -1 96471 -2.7371464966563508e-05</internalNodes>
      <leafValues>
        1.3423106074333191e-01 -5.8731210231781006e-01</leafValues></_>
    <_>
      <internalNodes>
        0 -1 112364 -2.4601316545158625e-03</internalNodes>
      <leafValues>
        1.4246909320354462e-01 -5.6312632560729980e-01</leafValues></_>
    <_>
      <internalNodes>
        0 -1 78815 -3.8600685074925423e-03</internalNodes>
      <leafValues>
        -6.5334713459014893e-01 6.3382484018802643e-02</leafValues></_>
    <_>
      <internalNodes>
        0 -1 105152 1.6473764553666115e-03</internalNodes>
      <leafValues>
        1.3096737861633301e-01 -5.8121019601821899e-01</leafValues></_>
    <_>
      <internalNodes>
        0 -1 132974 -2.1171401385799982e-05</internalNodes>
      <leafValues>
        1.6233909130096436e-01 -4.5791584253311157e-01</leafValues></_>
    <_>
      <internalNodes>
        0 -1 131271 1.5597771853208542e-03</internalNodes>
      <leafValues>
        -3.6490935087203979e-01 1.6530111432075500e-01</leafValues></_>
    <_>
      <internalNodes>
        0 -1 106343 -4.5903003774583340e-03</internalNodes>
      <leafValues>
        2.2722600400447845e-01 -2.9839229583740234e-01</leafValues></_>
    <_>
      <internalNodes>
        0 -1 138544 -4.2899842374026775e-03</internalNodes>
      <leafValues>
        -6.9066727161407471e-01 9.6819415688514709e-02</leafValues></_>
    <_>
      <internalNodes>
        0 -1 126361 3.4306335728615522e-03</internalNodes>
      <leafValues>
        1.0774601995944977e-01 -5.5244785547256470e-01</leafValues></_>
    <_>
      <internalNodes>
        0 -1 38141 5.7760282652452588e-04</internalNodes>
      <leafValues>
        1.2138203531503677e-01 -5.0555878877639771e-01</leafValues></_>
    <_>
      <internalNodes>
        0 -1 38141 -2.4009411572478712e-04</internalNodes>
      <leafValues>
        -4.5937520265579224e-01 1.6046687960624695e-01</leafValues></_>
    <_>
      <internalNodes>
        0 -1 111818 1.9567544222809374e-04</internalNodes>
      <leafValues>
        -6.0178923606872559e-01 8.8709115982055664e-02</leafValues></_>
    <_>
      <internalNodes>
        0 -1 43847 3.0398927628993988e-02</internalNodes>
      <leafValues>
        -1.7274996638298035e-01 3.4422549605369568e-01</leafValues></_>
    <_>
      <internalNodes>
        0 -1 5284 -9.3741990625858307e-02</internalNodes>
      <leafValues>
        5.4124569892883301e-01 -1.1974927783012390e-01</leafValues></_>
    <_>
      <internalNodes>
        0 -1 112372 -7.3076030239462852e-03</internalNodes>
      <leafValues>
        -5.7382154464721680e-01 1.0799607634544373e-01</leafValues></_></weakClassifiers></stage9>
</opencv_storage>
