<?xml version="1.0"?>
<opencv_storage>
<stage3>
  <maxWeakCount>10</maxWeakCount>
  <stageThreshold>-1.5367461442947388e+00</stageThreshold>
  <weakClassifiers>
    <_>
      <internalNodes>
        0 -1 96315 -5.9472844004631042e-03</internalNodes>
      <leafValues>
        6.7132186889648438e-01 -5.3380978107452393e-01</leafValues></_>
    <_>
      <internalNodes>
        0 -1 104443 5.9158215299248695e-03</internalNodes>
      <leafValues>
        -6.5464365482330322e-01 5.0141620635986328e-01</leafValues></_>
    <_>
      <internalNodes>
        0 -1 102004 2.6976963505148888e-02</internalNodes>
      <leafValues>
        -4.6081489324569702e-01 5.6475901603698730e-01</leafValues></_>
    <_>
      <internalNodes>
        0 -1 132202 5.2477465942502022e-03</internalNodes>
      <leafValues>
        -7.1728479862213135e-01 3.3807846903800964e-01</leafValues></_>
    <_>
      <internalNodes>
        0 -1 104400 1.0179412784054875e-03</internalNodes>
      <leafValues>
        -7.7954852581024170e-01 2.0208123326301575e-01</leafValues></_>
    <_>
      <internalNodes>
        0 -1 111947 -1.3796102721244097e-03</internalNodes>
      <leafValues>
        2.9882410168647766e-01 -4.5915919542312622e-01</leafValues></_>
    <_>
      <internalNodes>
        0 -1 127319 -1.1212346144020557e-03</internalNodes>
      <leafValues>
        3.4677642583847046e-01 -3.9856493473052979e-01</leafValues></_>
    <_>
      <internalNodes>
        0 -1 159832 5.2651076111942530e-04</internalNodes>
      <leafValues>
        2.0576632022857666e-01 -6.1061513423919678e-01</leafValues></_>
    <_>
      <internalNodes>
        0 -1 159832 -1.9919122860301286e-04</internalNodes>
      <leafValues>
        -6.4849442243576050e-01 2.1525117754936218e-01</leafValues></_>
    <_>
      <internalNodes>
        0 -1 106363 -5.7605090551078320e-03</internalNodes>
      <leafValues>
        3.1909096240997314e-01 -3.3692443370819092e-01</leafValues></_></weakClassifiers></stage3>
</opencv_storage>
