<?xml version="1.0"?>
<opencv_storage>
<stage7>
  <maxWeakCount>18</maxWeakCount>
  <stageThreshold>-1.4077963829040527e+00</stageThreshold>
  <weakClassifiers>
    <_>
      <internalNodes>
        0 -1 102004 2.3113811388611794e-02</internalNodes>
      <leafValues>
        -2.8471553325653076e-01 6.8070423603057861e-01</leafValues></_>
    <_>
      <internalNodes>
        0 -1 119638 1.0600785026326776e-03</internalNodes>
      <leafValues>
        -5.5178886651992798e-01 3.7385410070419312e-01</leafValues></_>
    <_>
      <internalNodes>
        0 -1 19721 -5.3891468793153763e-02</internalNodes>
      <leafValues>
        5.7099848985671997e-01 -2.4410688877105713e-01</leafValues></_>
    <_>
      <internalNodes>
        0 -1 96583 2.4387894663959742e-03</internalNodes>
      <leafValues>
        -7.1941065788269043e-01 1.9119551777839661e-01</leafValues></_>
    <_>
      <internalNodes>
        0 -1 111818 5.1782676018774509e-04</internalNodes>
      <leafValues>
        -6.8654543161392212e-01 1.6140387952327728e-01</leafValues></_>
    <_>
      <internalNodes>
        0 -1 106120 2.4262734223157167e-04</internalNodes>
      <leafValues>
        -4.4604372978210449e-01 2.4317610263824463e-01</leafValues></_>
    <_>
      <internalNodes>
        0 -1 131271 9.2307862360030413e-04</internalNodes>
      <leafValues>
        -4.7746998071670532e-01 1.7832112312316895e-01</leafValues></_>
    <_>
      <internalNodes>
        0 -1 111433 2.0828323904424906e-03</internalNodes>
      <leafValues>
        1.4892281591892242e-01 -6.5860968828201294e-01</leafValues></_>
    <_>
      <internalNodes>
        0 -1 13713 -3.7383919698186219e-04</internalNodes>
      <leafValues>
        -5.0744664669036865e-01 1.5613490343093872e-01</leafValues></_>
    <_>
      <internalNodes>
        0 -1 13713 4.6946969814598560e-04</internalNodes>
      <leafValues>
        1.9110564887523651e-01 -5.3838157653808594e-01</leafValues></_>
    <_>
      <internalNodes>
        0 -1 105404 -2.3801350835128687e-05</internalNodes>
      <leafValues>
        1.3295850157737732e-01 -5.7387346029281616e-01</leafValues></_>
    <_>
      <internalNodes>
        0 -1 133409 -5.9904099907726049e-04</internalNodes>
      <leafValues>
        2.4269503355026245e-01 -3.4579485654830933e-01</leafValues></_>
    <_>
      <internalNodes>
        0 -1 78815 -4.2223744094371796e-03</internalNodes>
      <leafValues>
        -6.4615190029144287e-01 1.1071576923131943e-01</leafValues></_>
    <_>
      <internalNodes>
        0 -1 96511 1.0610166937112808e-03</internalNodes>
      <leafValues>
        1.3165672123432159e-01 -5.7929998636245728e-01</leafValues></_>
    <_>
      <internalNodes>
        0 -1 119500 9.9305436015129089e-04</internalNodes>
      <leafValues>
        -7.8608715534210205e-01 9.1951876878738403e-02</leafValues></_>
    <_>
      <internalNodes>
        0 -1 111428 -7.7445164788514376e-04</internalNodes>
      <leafValues>
        -6.3203245401382446e-01 1.0355179756879807e-01</leafValues></_>
    <_>
      <internalNodes>
        0 -1 88858 -1.9536332692950964e-03</internalNodes>
      <leafValues>
        -5.3860145807266235e-01 1.1628590524196625e-01</leafValues></_>
    <_>
      <internalNodes>
        0 -1 111429 4.9715657951310277e-04</internalNodes>
      <leafValues>
        -3.1987050175666809e-01 1.8471574783325195e-01</leafValues></_></weakClassifiers></stage7>
</opencv_storage>
