<?xml version="1.0"?>
<opencv_storage>
<stage1>
  <maxWeakCount>5</maxWeakCount>
  <stageThreshold>-1.1659077405929565e+00</stageThreshold>
  <weakClassifiers>
    <_>
      <internalNodes>
        0 -1 137893 1.6524260863661766e-03</internalNodes>
      <leafValues>
        -7.1889972686767578e-01 7.8959643840789795e-01</leafValues></_>
    <_>
      <internalNodes>
        0 -1 96463 1.7126228194683790e-03</internalNodes>
      <leafValues>
        -6.1329388618469238e-01 6.4346599578857422e-01</leafValues></_>
    <_>
      <internalNodes>
        0 -1 102005 2.9055062681436539e-02</internalNodes>
      <leafValues>
        -4.9640169739723206e-01 6.5012031793594360e-01</leafValues></_>
    <_>
      <internalNodes>
        0 -1 104443 3.1050625257194042e-03</internalNodes>
      <leafValues>
        -6.5147984027862549e-01 4.3156701326370239e-01</leafValues></_>
    <_>
      <internalNodes>
        0 -1 104863 4.0110587724484503e-04</internalNodes>
      <leafValues>
        -7.3201280832290649e-01 2.3112052679061890e-01</leafValues></_></weakClassifiers></stage1>
</opencv_storage>
