<?xml version="1.0"?>
<opencv_storage>
<stage9>
  <maxWeakCount>20</maxWeakCount>
  <stageThreshold>-1.4351546764373779e+00</stageThreshold>
  <weakClassifiers>
    <_>
      <internalNodes>
        0 -1 99709 -4.8184245824813843e-02</internalNodes>
      <leafValues>
        7.3515558242797852e-01 -7.9341627657413483e-02</leafValues></_>
    <_>
      <internalNodes>
        0 -1 78266 1.2577566085383296e-03</internalNodes>
      <leafValues>
        -5.6740939617156982e-01 3.5089814662933350e-01</leafValues></_>
    <_>
      <internalNodes>
        0 -1 65816 1.4290030300617218e-01</internalNodes>
      <leafValues>
        -2.9928830265998840e-01 4.5403873920440674e-01</leafValues></_>
    <_>
      <internalNodes>
        0 -1 142833 -4.1200668783858418e-04</internalNodes>
      <leafValues>
        2.5435319542884827e-01 -4.6403387188911438e-01</leafValues></_>
    <_>
      <internalNodes>
        0 -1 131567 1.5984883066266775e-03</internalNodes>
      <leafValues>
        -3.9012160897254944e-01 2.8214171528816223e-01</leafValues></_>
    <_>
      <internalNodes>
        0 -1 78265 -5.7382596423849463e-04</internalNodes>
      <leafValues>
        -6.1516219377517700e-01 1.3051587343215942e-01</leafValues></_>
    <_>
      <internalNodes>
        0 -1 125758 -5.7458702940493822e-04</internalNodes>
      <leafValues>
        1.4719660580158234e-01 -6.4452427625656128e-01</leafValues></_>
    <_>
      <internalNodes>
        0 -1 157756 -3.3507859916426241e-04</internalNodes>
      <leafValues>
        -5.7284665107727051e-01 1.4110392332077026e-01</leafValues></_>
    <_>
      <internalNodes>
        0 -1 157756 3.7205748958513141e-04</internalNodes>
      <leafValues>
        2.1343100070953369e-01 -5.8958071470260620e-01</leafValues></_>
    <_>
      <internalNodes>
        0 -1 133288 4.7028099652379751e-04</internalNodes>
      <leafValues>
        -3.9243996143341064e-01 2.1969486773014069e-01</leafValues></_>
    <_>
      <internalNodes>
        0 -1 87625 1.2126993387937546e-03</internalNodes>
      <leafValues>
        1.2849217653274536e-01 -6.0909521579742432e-01</leafValues></_>
    <_>
      <internalNodes>
        0 -1 119820 2.3344845976680517e-03</internalNodes>
      <leafValues>
        -6.6808611154556274e-01 1.1728404462337494e-01</leafValues></_>
    <_>
      <internalNodes>
        0 -1 136063 1.0932612419128418e-01</internalNodes>
      <leafValues>
        -1.3961587846279144e-01 6.1175543069839478e-01</leafValues></_>
    <_>
      <internalNodes>
        0 -1 88296 -2.2299189367913641e-05</internalNodes>
      <leafValues>
        1.8899825215339661e-01 -3.9244532585144043e-01</leafValues></_>
    <_>
      <internalNodes>
        0 -1 111812 1.9177819922333583e-05</internalNodes>
      <leafValues>
        -4.2305254936218262e-01 1.4791984856128693e-01</leafValues></_>
    <_>
      <internalNodes>
        0 -1 138647 -1.5823240391910076e-03</internalNodes>
      <leafValues>
        -5.5135905742645264e-01 1.0467112064361572e-01</leafValues></_>
    <_>
      <internalNodes>
        0 -1 43847 3.2614484429359436e-02</internalNodes>
      <leafValues>
        -1.5329098701477051e-01 4.0319880843162537e-01</leafValues></_>
    <_>
      <internalNodes>
        0 -1 5348 -1.2527236342430115e-01</internalNodes>
      <leafValues>
        6.2245678901672363e-01 -1.1111706495285034e-01</leafValues></_>
    <_>
      <internalNodes>
        0 -1 113755 2.2048818209441379e-05</internalNodes>
      <leafValues>
        -2.9860201478004456e-01 2.1663430333137512e-01</leafValues></_>
    <_>
      <internalNodes>
        0 -1 112503 -6.0708289965987206e-03</internalNodes>
      <leafValues>
        -6.0011321306228638e-01 9.4036556780338287e-02</leafValues></_></weakClassifiers></stage9>
</opencv_storage>
