<?xml version="1.0"?>
<opencv_storage>
<stage11>
  <maxWeakCount>29</maxWeakCount>
  <stageThreshold>-1.4105426073074341e+00</stageThreshold>
  <weakClassifiers>
    <_>
      <internalNodes>
        0 -1 102005 4.3807864189147949e-02</internalNodes>
      <leafValues>
        -1.1205717921257019e-01 6.3395172357559204e-01</leafValues></_>
    <_>
      <internalNodes>
        0 -1 104786 -1.4295680448412895e-03</internalNodes>
      <leafValues>
        3.1589365005493164e-01 -4.8694100975990295e-01</leafValues></_>
    <_>
      <internalNodes>
        0 -1 141984 -2.2191697731614113e-02</internalNodes>
      <leafValues>
        4.5948189496994019e-01 -2.4357984960079193e-01</leafValues></_>
    <_>
      <internalNodes>
        0 -1 114127 -3.9727566763758659e-03</internalNodes>
      <leafValues>
        3.8835576176643372e-01 -2.4635282158851624e-01</leafValues></_>
    <_>
      <internalNodes>
        0 -1 71410 -9.7623653709888458e-02</internalNodes>
      <leafValues>
        5.4872548580169678e-01 -2.0320583879947662e-01</leafValues></_>
    <_>
      <internalNodes>
        0 -1 126769 -2.3834720195736736e-05</internalNodes>
      <leafValues>
        1.8491642177104950e-01 -5.2350437641143799e-01</leafValues></_>
    <_>
      <internalNodes>
        0 -1 119468 -2.2487607784569263e-03</internalNodes>
      <leafValues>
        1.4406712353229523e-01 -5.4732418060302734e-01</leafValues></_>
    <_>
      <internalNodes>
        0 -1 241 -3.2474874751642346e-04</internalNodes>
      <leafValues>
        -5.2294170856475830e-01 1.2155227363109589e-01</leafValues></_>
    <_>
      <internalNodes>
        0 -1 13553 4.3448290671221912e-04</internalNodes>
      <leafValues>
        1.4063909649848938e-01 -5.2589321136474609e-01</leafValues></_>
    <_>
      <internalNodes>
        0 -1 95826 -4.4829905964434147e-03</internalNodes>
      <leafValues>
        -7.9118692874908447e-01 7.6029628515243530e-02</leafValues></_>
    <_>
      <internalNodes>
        0 -1 126062 -1.0599873348837718e-05</internalNodes>
      <leafValues>
        9.6234835684299469e-02 -6.5789753198623657e-01</leafValues></_>
    <_>
      <internalNodes>
        0 -1 89261 9.1531872749328613e-04</internalNodes>
      <leafValues>
        -2.8633671998977661e-01 2.3439055681228638e-01</leafValues></_>
    <_>
      <internalNodes>
        0 -1 120572 -1.3062666403129697e-03</internalNodes>
      <leafValues>
        -6.1216515302658081e-01 9.0756490826606750e-02</leafValues></_>
    <_>
      <internalNodes>
        0 -1 103704 1.3520005159080029e-03</internalNodes>
      <leafValues>
        -3.2962280511856079e-01 1.7678965628147125e-01</leafValues></_>
    <_>
      <internalNodes>
        0 -1 112579 2.9859169444534928e-05</internalNodes>
      <leafValues>
        -5.2766090631484985e-01 1.1414254456758499e-01</leafValues></_>
    <_>
      <internalNodes>
        0 -1 150913 -2.8749592602252960e-03</internalNodes>
      <leafValues>
        -5.5291694402694702e-01 9.4673134386539459e-02</leafValues></_>
    <_>
      <internalNodes>
        0 -1 159832 -3.2720121089369059e-04</internalNodes>
      <leafValues>
        -4.6080309152603149e-01 1.1860522627830505e-01</leafValues></_>
    <_>
      <internalNodes>
        0 -1 159812 2.9133932548575103e-04</internalNodes>
      <leafValues>
        1.2033822387456894e-01 -4.5961669087409973e-01</leafValues></_>
    <_>
      <internalNodes>
        0 -1 105437 -1.0928682058874983e-05</internalNodes>
      <leafValues>
        1.0294228047132492e-01 -5.0354373455047607e-01</leafValues></_>
    <_>
      <internalNodes>
        0 -1 104411 -4.6191972796805203e-04</internalNodes>
      <leafValues>
        1.7837671935558319e-01 -3.0073037743568420e-01</leafValues></_>
    <_>
      <internalNodes>
        0 -1 113367 3.3431695774197578e-03</internalNodes>
      <leafValues>
        9.1738358139991760e-02 -5.3864383697509766e-01</leafValues></_>
    <_>
      <internalNodes>
        0 -1 133264 2.1283125533955172e-05</internalNodes>
      <leafValues>
        -2.9781836271286011e-01 1.6695128381252289e-01</leafValues></_>
    <_>
      <internalNodes>
        0 -1 126998 -1.6727622598409653e-02</internalNodes>
      <leafValues>
        -5.5099743604660034e-01 1.0797195881605148e-01</leafValues></_>
    <_>
      <internalNodes>
        0 -1 57287 -3.2568993046879768e-03</internalNodes>
      <leafValues>
        -5.3792232275009155e-01 7.6466120779514313e-02</leafValues></_>
    <_>
      <internalNodes>
        0 -1 35366 5.4362551309168339e-03</internalNodes>
      <leafValues>
        -5.3583091497421265e-01 8.4240242838859558e-02</leafValues></_>
    <_>
      <internalNodes>
        0 -1 96467 -2.5251174811273813e-03</internalNodes>
      <leafValues>
        -6.3453298807144165e-01 6.2601931393146515e-02</leafValues></_>
    <_>
      <internalNodes>
        0 -1 118632 1.9353622337803245e-03</internalNodes>
      <leafValues>
        7.9477138817310333e-02 -4.7258004546165466e-01</leafValues></_>
    <_>
      <internalNodes>
        0 -1 118260 -1.7511543119326234e-03</internalNodes>
      <leafValues>
        -5.7985162734985352e-01 7.6576434075832367e-02</leafValues></_>
    <_>
      <internalNodes>
        0 -1 94483 -1.0973344743251801e-01</internalNodes>
      <leafValues>
        4.3169361352920532e-01 -1.1192896217107773e-01</leafValues></_></weakClassifiers></stage11>
</opencv_storage>
