<?xml version="1.0"?>
<opencv_storage>
<stage5>
  <maxWeakCount>13</maxWeakCount>
  <stageThreshold>-1.4779143333435059e+00</stageThreshold>
  <weakClassifiers>
    <_>
      <internalNodes>
        0 -1 96463 2.0678113214671612e-03</internalNodes>
      <leafValues>
        -5.2396827936172485e-01 6.0398101806640625e-01</leafValues></_>
    <_>
      <internalNodes>
        0 -1 102005 3.5743266344070435e-02</internalNodes>
      <leafValues>
        -4.7395253181457520e-01 5.6842917203903198e-01</leafValues></_>
    <_>
      <internalNodes>
        0 -1 112170 7.3460960993543267e-04</internalNodes>
      <leafValues>
        -6.4870935678482056e-01 2.9676845669746399e-01</leafValues></_>
    <_>
      <internalNodes>
        0 -1 126469 1.7225201008841395e-03</internalNodes>
      <leafValues>
        -7.9352903366088867e-01 2.2596167027950287e-01</leafValues></_>
    <_>
      <internalNodes>
        0 -1 141984 -1.9669359549880028e-02</internalNodes>
      <leafValues>
        5.7978099584579468e-01 -3.1687471270561218e-01</leafValues></_>
    <_>
      <internalNodes>
        0 -1 119351 3.9299651980400085e-03</internalNodes>
      <leafValues>
        2.0514649152755737e-01 -6.0413604974746704e-01</leafValues></_>
    <_>
      <internalNodes>
        0 -1 114127 -3.1692991033196449e-03</internalNodes>
      <leafValues>
        4.1175371408462524e-01 -2.9051020741462708e-01</leafValues></_>
    <_>
      <internalNodes>
        0 -1 13473 -4.4434325536713004e-04</internalNodes>
      <leafValues>
        -6.4515930414199829e-01 1.6592209041118622e-01</leafValues></_>
    <_>
      <internalNodes>
        0 -1 161 4.4615296064876020e-04</internalNodes>
      <leafValues>
        2.0483294129371643e-01 -6.6033351421356201e-01</leafValues></_>
    <_>
      <internalNodes>
        0 -1 81354 -6.6532805562019348e-02</internalNodes>
      <leafValues>
        5.5469793081283569e-01 -2.1402847766876221e-01</leafValues></_>
    <_>
      <internalNodes>
        0 -1 137860 5.6931475410237908e-04</internalNodes>
      <leafValues>
        -5.9627038240432739e-01 1.9929951429367065e-01</leafValues></_>
    <_>
      <internalNodes>
        0 -1 104823 5.4634525440633297e-04</internalNodes>
      <leafValues>
        -6.9871634244918823e-01 8.4893509745597839e-02</leafValues></_>
    <_>
      <internalNodes>
        0 -1 152047 3.6051933420822024e-04</internalNodes>
      <leafValues>
        1.6160430014133453e-01 -4.6342247724533081e-01</leafValues></_></weakClassifiers></stage5>
</opencv_storage>
