<?xml version="1.0"?>
<opencv_storage>
<stage0>
  <maxWeakCount>5</maxWeakCount>
  <stageThreshold>-1.7133748531341553e+00</stageThreshold>
  <weakClassifiers>
    <_>
      <internalNodes>
        0 -1 96679 4.1515012271702290e-03</internalNodes>
      <leafValues>
        -8.5572195053100586e-01 8.7005883455276489e-01</leafValues></_>
    <_>
      <internalNodes>
        0 -1 104070 4.3312786146998405e-03</internalNodes>
      <leafValues>
        -7.6295632123947144e-01 7.2796696424484253e-01</leafValues></_>
    <_>
      <internalNodes>
        0 -1 94572 1.4025044627487659e-02</internalNodes>
      <leafValues>
        -5.4505056142807007e-01 6.5629255771636963e-01</leafValues></_>
    <_>
      <internalNodes>
        0 -1 104402 1.4618765562772751e-03</internalNodes>
      <leafValues>
        -5.2621287107467651e-01 3.6989825963973999e-01</leafValues></_>
    <_>
      <internalNodes>
        0 -1 99709 -3.8869295269250870e-02</internalNodes>
      <leafValues>
        6.1860758066177368e-01 -2.2477625310420990e-01</leafValues></_></weakClassifiers></stage0>
</opencv_storage>
