<?xml version="1.0"?>
<opencv_storage>
<stage8>
  <maxWeakCount>20</maxWeakCount>
  <stageThreshold>-1.5023626089096069e+00</stageThreshold>
  <weakClassifiers>
    <_>
      <internalNodes>
        0 -1 40964 3.5196978598833084e-02</internalNodes>
      <leafValues>
        -1.1509606242179871e-01 6.9706678390502930e-01</leafValues></_>
    <_>
      <internalNodes>
        0 -1 137663 -2.2084149532020092e-03</internalNodes>
      <leafValues>
        3.5138094425201416e-01 -5.3587698936462402e-01</leafValues></_>
    <_>
      <internalNodes>
        0 -1 136636 -5.7124026119709015e-02</internalNodes>
      <leafValues>
        5.7047474384307861e-01 -2.4249155819416046e-01</leafValues></_>
    <_>
      <internalNodes>
        0 -1 112998 6.1613149009644985e-03</internalNodes>
      <leafValues>
        1.9470547139644623e-01 -6.4655643701553345e-01</leafValues></_>
    <_>
      <internalNodes>
        0 -1 119340 -4.9609434790909290e-04</internalNodes>
      <leafValues>
        1.4929144084453583e-01 -6.6585481166839600e-01</leafValues></_>
    <_>
      <internalNodes>
        0 -1 104400 1.6658228123560548e-03</internalNodes>
      <leafValues>
        -6.8456411361694336e-01 1.3491356372833252e-01</leafValues></_>
    <_>
      <internalNodes>
        0 -1 155315 -3.4755180240608752e-04</internalNodes>
      <leafValues>
        -6.2456315755844116e-01 1.0234476625919342e-01</leafValues></_>
    <_>
      <internalNodes>
        0 -1 152047 4.0792371146380901e-04</internalNodes>
      <leafValues>
        1.8100546300411224e-01 -5.6118434667587280e-01</leafValues></_>
    <_>
      <internalNodes>
        0 -1 114141 -4.2667128145694733e-03</internalNodes>
      <leafValues>
        4.1346061229705811e-01 -2.4699534475803375e-01</leafValues></_>
    <_>
      <internalNodes>
        0 -1 104782 9.4106083270162344e-04</internalNodes>
      <leafValues>
        -5.5461657047271729e-01 1.4325076341629028e-01</leafValues></_>
    <_>
      <internalNodes>
        0 -1 66010 1.2821793556213379e-02</internalNodes>
      <leafValues>
        -4.1979554295539856e-01 2.2382140159606934e-01</leafValues></_>
    <_>
      <internalNodes>
        0 -1 77975 -1.7525753006339073e-02</internalNodes>
      <leafValues>
        -6.4009118080139160e-01 1.1412066221237183e-01</leafValues></_>
    <_>
      <internalNodes>
        0 -1 126965 1.3193575432524085e-03</internalNodes>
      <leafValues>
        1.1181601881980896e-01 -6.4077794551849365e-01</leafValues></_>
    <_>
      <internalNodes>
        0 -1 96895 2.4809013120830059e-03</internalNodes>
      <leafValues>
        1.1241523176431656e-01 -5.7540684938430786e-01</leafValues></_>
    <_>
      <internalNodes>
        0 -1 105152 -1.7598378472030163e-03</internalNodes>
      <leafValues>
        -5.3183227777481079e-01 1.1374028772115707e-01</leafValues></_>
    <_>
      <internalNodes>
        0 -1 97914 9.3427929095923901e-04</internalNodes>
      <leafValues>
        -2.5025933980941772e-01 2.6854732632637024e-01</leafValues></_>
    <_>
      <internalNodes>
        0 -1 81 -2.8767471667379141e-04</internalNodes>
      <leafValues>
        -4.7338777780532837e-01 1.3064363598823547e-01</leafValues></_>
    <_>
      <internalNodes>
        0 -1 81 3.3997389255091548e-04</internalNodes>
      <leafValues>
        1.5858347713947296e-01 -5.7080042362213135e-01</leafValues></_>
    <_>
      <internalNodes>
        0 -1 57993 2.1407064050436020e-03</internalNodes>
      <leafValues>
        -6.3242918252944946e-01 7.4903719127178192e-02</leafValues></_>
    <_>
      <internalNodes>
        0 -1 141820 -6.2859125435352325e-02</internalNodes>
      <leafValues>
        4.7967058420181274e-01 -1.2611541152000427e-01</leafValues></_></weakClassifiers></stage8>
</opencv_storage>
