<?xml version="1.0"?>
<opencv_storage>
<stage4>
  <maxWeakCount>13</maxWeakCount>
  <stageThreshold>-1.4944050312042236e+00</stageThreshold>
  <weakClassifiers>
    <_>
      <internalNodes>
        0 -1 119345 -2.1586939692497253e-03</internalNodes>
      <leafValues>
        5.9615778923034668e-01 -6.1692786216735840e-01</leafValues></_>
    <_>
      <internalNodes>
        0 -1 5432 3.5057567059993744e-02</internalNodes>
      <leafValues>
        -4.3722948431968689e-01 5.6009513139724731e-01</leafValues></_>
    <_>
      <internalNodes>
        0 -1 87820 6.5841274335980415e-03</internalNodes>
      <leafValues>
        -6.6806113719940186e-01 3.7199082970619202e-01</leafValues></_>
    <_>
      <internalNodes>
        0 -1 80179 1.6777828335762024e-02</internalNodes>
      <leafValues>
        -3.3361890912055969e-01 5.1262634992599487e-01</leafValues></_>
    <_>
      <internalNodes>
        0 -1 118749 9.0706301853060722e-03</internalNodes>
      <leafValues>
        2.3101778328418732e-01 -6.5763550996780396e-01</leafValues></_>
    <_>
      <internalNodes>
        0 -1 104748 2.5247256417060271e-05</internalNodes>
      <leafValues>
        -6.9690823554992676e-01 1.5688379108905792e-01</leafValues></_>
    <_>
      <internalNodes>
        0 -1 105156 2.9642554000020027e-03</internalNodes>
      <leafValues>
        1.8696089088916779e-01 -6.2670582532882690e-01</leafValues></_>
    <_>
      <internalNodes>
        0 -1 157683 3.5559656680561602e-04</internalNodes>
      <leafValues>
        1.2393722683191299e-01 -6.4662384986877441e-01</leafValues></_>
    <_>
      <internalNodes>
        0 -1 157683 -2.3899540246929973e-04</internalNodes>
      <leafValues>
        -6.4370918273925781e-01 2.5328555703163147e-01</leafValues></_>
    <_>
      <internalNodes>
        0 -1 137666 1.1433467734605074e-03</internalNodes>
      <leafValues>
        -7.3633772134780884e-01 1.2645085155963898e-01</leafValues></_>
    <_>
      <internalNodes>
        0 -1 111809 -4.8317181062884629e-04</internalNodes>
      <leafValues>
        2.7640834450721741e-01 -4.0040361881256104e-01</leafValues></_>
    <_>
      <internalNodes>
        0 -1 133288 2.7527497150003910e-04</internalNodes>
      <leafValues>
        -3.5227715969085693e-01 2.3036445677280426e-01</leafValues></_>
    <_>
      <internalNodes>
        0 -1 4 3.7525632069446146e-04</internalNodes>
      <leafValues>
        1.0546272993087769e-01 -6.3193523883819580e-01</leafValues></_></weakClassifiers></stage4>
</opencv_storage>
