<?xml version="1.0"?>
<opencv_storage>
<stage6>
  <maxWeakCount>16</maxWeakCount>
  <stageThreshold>-1.4714041948318481e+00</stageThreshold>
  <weakClassifiers>
    <_>
      <internalNodes>
        0 -1 108920 -3.5030864179134369e-02</internalNodes>
      <leafValues>
        7.4820291996002197e-01 -2.2657449543476105e-01</leafValues></_>
    <_>
      <internalNodes>
        0 -1 126067 -8.1167183816432953e-04</internalNodes>
      <leafValues>
        3.8435700535774231e-01 -6.3767015933990479e-01</leafValues></_>
    <_>
      <internalNodes>
        0 -1 98130 6.3374359160661697e-03</internalNodes>
      <leafValues>
        -4.3277639150619507e-01 3.9405909180641174e-01</leafValues></_>
    <_>
      <internalNodes>
        0 -1 137935 1.4515442308038473e-03</internalNodes>
      <leafValues>
        -5.7529848814010620e-01 2.5720623135566711e-01</leafValues></_>
    <_>
      <internalNodes>
        0 -1 96051 9.8476279526948929e-04</internalNodes>
      <leafValues>
        -6.8398576974868774e-01 1.8159352242946625e-01</leafValues></_>
    <_>
      <internalNodes>
        0 -1 86327 -9.2951918486505747e-04</internalNodes>
      <leafValues>
        2.3362608253955841e-01 -5.3899437189102173e-01</leafValues></_>
    <_>
      <internalNodes>
        0 -1 152047 -4.9763394054025412e-04</internalNodes>
      <leafValues>
        -5.8032011985778809e-01 1.7458397150039673e-01</leafValues></_>
    <_>
      <internalNodes>
        0 -1 126397 2.2798162535764277e-04</internalNodes>
      <leafValues>
        -5.5335611104965210e-01 1.7650817334651947e-01</leafValues></_>
    <_>
      <internalNodes>
        0 -1 105535 -2.4390452381339855e-05</internalNodes>
      <leafValues>
        1.0030984133481979e-01 -6.0399109125137329e-01</leafValues></_>
    <_>
      <internalNodes>
        0 -1 155315 3.1871619285084307e-04</internalNodes>
      <leafValues>
        1.5590655803680420e-01 -5.7836365699768066e-01</leafValues></_>
    <_>
      <internalNodes>
        0 -1 104578 -1.9419146701693535e-02</internalNodes>
      <leafValues>
        -6.6069793701171875e-01 1.3595734536647797e-01</leafValues></_>
    <_>
      <internalNodes>
        0 -1 86617 4.2253565043210983e-03</internalNodes>
      <leafValues>
        -3.2887929677963257e-01 2.5603672862052917e-01</leafValues></_>
    <_>
      <internalNodes>
        0 -1 161 -2.6491045719012618e-04</internalNodes>
      <leafValues>
        -4.7555589675903320e-01 1.6207212209701538e-01</leafValues></_>
    <_>
      <internalNodes>
        0 -1 96625 3.2180692069232464e-03</internalNodes>
      <leafValues>
        1.0685911774635315e-01 -6.7001938819885254e-01</leafValues></_>
    <_>
      <internalNodes>
        0 -1 241 4.6073738485574722e-04</internalNodes>
      <leafValues>
        1.4973409473896027e-01 -4.9521595239639282e-01</leafValues></_>
    <_>
      <internalNodes>
        0 -1 138305 -2.6089252060046420e-05</internalNodes>
      <leafValues>
        1.7944662272930145e-01 -4.1017830371856689e-01</leafValues></_></weakClassifiers></stage6>
</opencv_storage>
