<?xml version="1.0"?>
<opencv_storage>
<stage2>
  <maxWeakCount>9</maxWeakCount>
  <stageThreshold>-1.5344840288162231e+00</stageThreshold>
  <weakClassifiers>
    <_>
      <internalNodes>
        0 -1 137853 8.0394983524456620e-04</internalNodes>
      <leafValues>
        -7.0636880397796631e-01 6.5725845098495483e-01</leafValues></_>
    <_>
      <internalNodes>
        0 -1 94572 1.7305029556155205e-02</internalNodes>
      <leafValues>
        -6.0664135217666626e-01 6.2042939662933350e-01</leafValues></_>
    <_>
      <internalNodes>
        0 -1 104441 1.6144467517733574e-03</internalNodes>
      <leafValues>
        -7.4750661849975586e-01 4.1701462864875793e-01</leafValues></_>
    <_>
      <internalNodes>
        0 -1 87283 5.0751492381095886e-03</internalNodes>
      <leafValues>
        -7.2130316495895386e-01 3.5351827740669250e-01</leafValues></_>
    <_>
      <internalNodes>
        0 -1 99709 -4.1857503354549408e-02</internalNodes>
      <leafValues>
        5.5021846294403076e-01 -3.5109147429466248e-01</leafValues></_>
    <_>
      <internalNodes>
        0 -1 119345 -1.0108372662216425e-03</internalNodes>
      <leafValues>
        2.8536972403526306e-01 -6.1059492826461792e-01</leafValues></_>
    <_>
      <internalNodes>
        0 -1 96623 1.4139551203697920e-03</internalNodes>
      <leafValues>
        -7.6683664321899414e-01 1.9114060699939728e-01</leafValues></_>
    <_>
      <internalNodes>
        0 -1 44019 1.8961399793624878e-01</internalNodes>
      <leafValues>
        -2.3971045017242432e-01 6.1697828769683838e-01</leafValues></_>
    <_>
      <internalNodes>
        0 -1 161240 -2.5077749160118401e-04</internalNodes>
      <leafValues>
        -5.6475305557250977e-01 1.9710624217987061e-01</leafValues></_></weakClassifiers></stage2>
</opencv_storage>
