<?xml version="1.0"?>
<opencv_storage>
<stage10>
  <maxWeakCount>24</maxWeakCount>
  <stageThreshold>-1.4493806362152100e+00</stageThreshold>
  <weakClassifiers>
    <_>
      <internalNodes>
        0 -1 102049 -3.3452138304710388e-02</internalNodes>
      <leafValues>
        6.4559203386306763e-01 -1.5126632153987885e-01</leafValues></_>
    <_>
      <internalNodes>
        0 -1 137896 -1.2315644416958094e-03</internalNodes>
      <leafValues>
        3.0394196510314941e-01 -5.6829071044921875e-01</leafValues></_>
    <_>
      <internalNodes>
        0 -1 132751 2.1283143723849207e-05</internalNodes>
      <leafValues>
        -4.3987640738487244e-01 2.4422217905521393e-01</leafValues></_>
    <_>
      <internalNodes>
        0 -1 97454 -1.0517715054447763e-05</internalNodes>
      <leafValues>
        1.6072215139865875e-01 -6.0673594474792480e-01</leafValues></_>
    <_>
      <internalNodes>
        0 -1 85843 -1.2367040617391467e-03</internalNodes>
      <leafValues>
        1.9784152507781982e-01 -4.7162431478500366e-01</leafValues></_>
    <_>
      <internalNodes>
        0 -1 121057 -1.4931571204215288e-03</internalNodes>
      <leafValues>
        3.2419201731681824e-01 -2.9275798797607422e-01</leafValues></_>
    <_>
      <internalNodes>
        0 -1 104441 1.6053249128162861e-03</internalNodes>
      <leafValues>
        -6.7837637662887573e-01 1.2924747169017792e-01</leafValues></_>
    <_>
      <internalNodes>
        0 -1 147267 -4.1083089308813214e-04</internalNodes>
      <leafValues>
        -5.7359367609024048e-01 1.4771002531051636e-01</leafValues></_>
    <_>
      <internalNodes>
        0 -1 321 -4.2009953176602721e-04</internalNodes>
      <leafValues>
        -5.4971271753311157e-01 1.2748937308788300e-01</leafValues></_>
    <_>
      <internalNodes>
        0 -1 321 5.5473321117460728e-04</internalNodes>
      <leafValues>
        1.6567817330360413e-01 -5.4942965507507324e-01</leafValues></_>
    <_>
      <internalNodes>
        0 -1 96174 -1.8203158397227526e-03</internalNodes>
      <leafValues>
        1.4268426597118378e-01 -5.2629733085632324e-01</leafValues></_>
    <_>
      <internalNodes>
        0 -1 104871 -5.1048006862401962e-03</internalNodes>
      <leafValues>
        -7.0280754566192627e-01 7.4884839355945587e-02</leafValues></_>
    <_>
      <internalNodes>
        0 -1 96264 -6.7055602557957172e-03</internalNodes>
      <leafValues>
        -6.7179316282272339e-01 9.2772290110588074e-02</leafValues></_>
    <_>
      <internalNodes>
        0 -1 126361 3.2807360403239727e-03</internalNodes>
      <leafValues>
        1.2203068286180496e-01 -5.6921571493148804e-01</leafValues></_>
    <_>
      <internalNodes>
        0 -1 125419 -1.7652241513133049e-03</internalNodes>
      <leafValues>
        -6.4047831296920776e-01 8.6960092186927795e-02</leafValues></_>
    <_>
      <internalNodes>
        0 -1 55081 4.0951643139123917e-02</internalNodes>
      <leafValues>
        -1.8153931200504303e-01 3.5906472802162170e-01</leafValues></_>
    <_>
      <internalNodes>
        0 -1 161240 -3.4118822077289224e-04</internalNodes>
      <leafValues>
        -4.8673495650291443e-01 1.4023181796073914e-01</leafValues></_>
    <_>
      <internalNodes>
        0 -1 161240 3.6467608879320323e-04</internalNodes>
      <leafValues>
        1.0649124532938004e-01 -5.3348314762115479e-01</leafValues></_>
    <_>
      <internalNodes>
        0 -1 126389 1.1905918654520065e-04</internalNodes>
      <leafValues>
        -5.7516342401504517e-01 9.1773085296154022e-02</leafValues></_>
    <_>
      <internalNodes>
        0 -1 73745 -2.0634129643440247e-02</internalNodes>
      <leafValues>
        2.4153001606464386e-01 -2.2295105457305908e-01</leafValues></_>
    <_>
      <internalNodes>
        0 -1 88265 1.4915108913555741e-03</internalNodes>
      <leafValues>
        9.0595655143260956e-02 -5.0368338823318481e-01</leafValues></_>
    <_>
      <internalNodes>
        0 -1 133394 -2.3264402989298105e-04</internalNodes>
      <leafValues>
        1.7889760434627533e-01 -2.7786508202552795e-01</leafValues></_>
    <_>
      <internalNodes>
        0 -1 120572 1.6966597177088261e-03</internalNodes>
      <leafValues>
        8.2837052643299103e-02 -6.1759972572326660e-01</leafValues></_>
    <_>
      <internalNodes>
        0 -1 119634 -1.2415254022926092e-03</internalNodes>
      <leafValues>
        1.2372229248285294e-01 -3.7300300598144531e-01</leafValues></_></weakClassifiers></stage10>
</opencv_storage>
