<?xml version="1.0"?>
<opencv_storage>
<stage8>
  <maxWeakCount>20</maxWeakCount>
  <stageThreshold>-1.7790746688842773e+00</stageThreshold>
  <weakClassifiers>
    <_>
      <internalNodes>
        0 -1 18399 3.3016588538885117e-02</internalNodes>
      <leafValues>
        -4.8513239622116089e-01 4.6192941069602966e-01</leafValues></_>
    <_>
      <internalNodes>
        0 -1 78266 1.2056729756295681e-03</internalNodes>
      <leafValues>
        -6.1370444297790527e-01 2.6195511221885681e-01</leafValues></_>
    <_>
      <internalNodes>
        0 -1 96471 -3.7818556302227080e-04</internalNodes>
      <leafValues>
        1.9333146512508392e-01 -6.4345711469650269e-01</leafValues></_>
    <_>
      <internalNodes>
        0 -1 126067 -6.4093875698745251e-04</internalNodes>
      <leafValues>
        1.7659218609333038e-01 -6.2807297706604004e-01</leafValues></_>
    <_>
      <internalNodes>
        0 -1 138338 -2.2529369744006544e-05</internalNodes>
      <leafValues>
        2.1104620397090912e-01 -5.3921854496002197e-01</leafValues></_>
    <_>
      <internalNodes>
        0 -1 127319 -1.2975642457604408e-03</internalNodes>
      <leafValues>
        2.5965422391891479e-01 -4.1124591231346130e-01</leafValues></_>
    <_>
      <internalNodes>
        0 -1 111530 -1.7631310038268566e-03</internalNodes>
      <leafValues>
        2.4603857100009918e-01 -4.2071095108985901e-01</leafValues></_>
    <_>
      <internalNodes>
        0 -1 157756 6.4591038972139359e-04</internalNodes>
      <leafValues>
        1.3523682951927185e-01 -5.8533501625061035e-01</leafValues></_>
    <_>
      <internalNodes>
        0 -1 152140 -5.0980382366105914e-04</internalNodes>
      <leafValues>
        -5.7006090879440308e-01 1.8600068986415863e-01</leafValues></_>
    <_>
      <internalNodes>
        0 -1 137858 4.3141917558386922e-04</internalNodes>
      <leafValues>
        -6.2120193243026733e-01 8.3786547183990479e-02</leafValues></_>
    <_>
      <internalNodes>
        0 -1 78265 -6.9991737836971879e-04</internalNodes>
      <leafValues>
        -5.8292299509048462e-01 1.4139923453330994e-01</leafValues></_>
    <_>
      <internalNodes>
        0 -1 105152 2.0698565058410168e-03</internalNodes>
      <leafValues>
        1.1218456923961639e-01 -6.2788528203964233e-01</leafValues></_>
    <_>
      <internalNodes>
        0 -1 138488 9.8783569410443306e-04</internalNodes>
      <leafValues>
        1.1368888616561890e-01 -5.8687376976013184e-01</leafValues></_>
    <_>
      <internalNodes>
        0 -1 113990 -6.8342117592692375e-03</internalNodes>
      <leafValues>
        2.4948236346244812e-01 -2.7297756075859070e-01</leafValues></_>
    <_>
      <internalNodes>
        0 -1 120572 1.3697862159460783e-03</internalNodes>
      <leafValues>
        1.0585489869117737e-01 -6.0268801450729370e-01</leafValues></_>
    <_>
      <internalNodes>
        0 -1 112165 1.0243947144772392e-05</internalNodes>
      <leafValues>
        -5.4652798175811768e-01 9.8781183362007141e-02</leafValues></_>
    <_>
      <internalNodes>
        0 -1 119757 -2.3919854356790893e-05</internalNodes>
      <leafValues>
        9.4186343252658844e-02 -5.7087379693984985e-01</leafValues></_>
    <_>
      <internalNodes>
        0 -1 148461 5.6232523638755083e-04</internalNodes>
      <leafValues>
        1.2350224703550339e-01 -4.5944961905479431e-01</leafValues></_>
    <_>
      <internalNodes>
        0 -1 112774 2.4241115897893906e-03</internalNodes>
      <leafValues>
        -6.0082381963729858e-01 9.7577556967735291e-02</leafValues></_>
    <_>
      <internalNodes>
        0 -1 17076 -1.8535662442445755e-02</internalNodes>
      <leafValues>
        2.4640356004238129e-01 -2.3279410600662231e-01</leafValues></_></weakClassifiers></stage8>
</opencv_storage>
