<?xml version="1.0"?>
<opencv_storage>
<stage1>
  <maxWeakCount>7</maxWeakCount>
  <stageThreshold>-1.9576687812805176e+00</stageThreshold>
  <weakClassifiers>
    <_>
      <internalNodes>
        0 -1 96463 1.9166511483490467e-03</internalNodes>
      <leafValues>
        -8.0961334705352783e-01 6.5410763025283813e-01</leafValues></_>
    <_>
      <internalNodes>
        0 -1 104443 5.4652323015034199e-03</internalNodes>
      <leafValues>
        -6.9976955652236938e-01 5.0206702947616577e-01</leafValues></_>
    <_>
      <internalNodes>
        0 -1 102005 3.0738936737179756e-02</internalNodes>
      <leafValues>
        -5.1397997140884399e-01 5.9916442632675171e-01</leafValues></_>
    <_>
      <internalNodes>
        0 -1 126469 1.3847791124135256e-03</internalNodes>
      <leafValues>
        -7.6337581872940063e-01 4.2334413528442383e-01</leafValues></_>
    <_>
      <internalNodes>
        0 -1 114127 -2.3761531338095665e-03</internalNodes>
      <leafValues>
        4.4389906525611877e-01 -3.2851213216781616e-01</leafValues></_>
    <_>
      <internalNodes>
        0 -1 137860 5.9710105415433645e-04</internalNodes>
      <leafValues>
        -5.6670373678207397e-01 2.0705009996891022e-01</leafValues></_>
    <_>
      <internalNodes>
        0 -1 119993 3.7115565501153469e-03</internalNodes>
      <leafValues>
        2.1108998358249664e-01 -5.9069520235061646e-01</leafValues></_></weakClassifiers></stage1>
</opencv_storage>
