<?xml version="1.0"?>
<opencv_storage>
<stage9>
  <maxWeakCount>25</maxWeakCount>
  <stageThreshold>-1.7939916849136353e+00</stageThreshold>
  <weakClassifiers>
    <_>
      <internalNodes>
        0 -1 93517 -3.9680227637290955e-02</internalNodes>
      <leafValues>
        4.3445014953613281e-01 -4.4059297442436218e-01</leafValues></_>
    <_>
      <internalNodes>
        0 -1 126392 1.0148293804377317e-03</internalNodes>
      <leafValues>
        -4.8308104276657104e-01 2.9329591989517212e-01</leafValues></_>
    <_>
      <internalNodes>
        0 -1 96505 2.1737930364906788e-03</internalNodes>
      <leafValues>
        -5.0265932083129883e-01 2.1501642465591431e-01</leafValues></_>
    <_>
      <internalNodes>
        0 -1 19721 -6.1505053192377090e-02</internalNodes>
      <leafValues>
        5.5312705039978027e-01 -1.7418578267097473e-01</leafValues></_>
    <_>
      <internalNodes>
        0 -1 131271 8.5766310803592205e-04</internalNodes>
      <leafValues>
        -4.6353340148925781e-01 2.1277561783790588e-01</leafValues></_>
    <_>
      <internalNodes>
        0 -1 128412 -5.6470336858183146e-04</internalNodes>
      <leafValues>
        -5.1229149103164673e-01 1.2423422932624817e-01</leafValues></_>
    <_>
      <internalNodes>
        0 -1 128412 5.4469122551381588e-04</internalNodes>
      <leafValues>
        2.2423256933689117e-01 -5.1865041255950928e-01</leafValues></_>
    <_>
      <internalNodes>
        0 -1 104782 1.0712344665080309e-03</internalNodes>
      <leafValues>
        -5.4476588964462280e-01 1.7339983582496643e-01</leafValues></_>
    <_>
      <internalNodes>
        0 -1 114127 -3.9607458747923374e-03</internalNodes>
      <leafValues>
        3.4576141834259033e-01 -2.6257017254829407e-01</leafValues></_>
    <_>
      <internalNodes>
        0 -1 126107 -2.2732787329005077e-05</internalNodes>
      <leafValues>
        1.4692890644073486e-01 -5.2824181318283081e-01</leafValues></_>
    <_>
      <internalNodes>
        0 -1 126667 2.7962662279605865e-03</internalNodes>
      <leafValues>
        1.0901879519224167e-01 -6.2374919652938843e-01</leafValues></_>
    <_>
      <internalNodes>
        0 -1 86995 -5.5883219465613365e-03</internalNodes>
      <leafValues>
        -8.0130499601364136e-01 8.7998062372207642e-02</leafValues></_>
    <_>
      <internalNodes>
        0 -1 119345 -1.0301421862095594e-03</internalNodes>
      <leafValues>
        9.7078412771224976e-02 -6.2130105495452881e-01</leafValues></_>
    <_>
      <internalNodes>
        0 -1 141599 -4.0991924703121185e-02</internalNodes>
      <leafValues>
        -5.9437310695648193e-01 1.0888817161321640e-01</leafValues></_>
    <_>
      <internalNodes>
        0 -1 81 -3.7444132613018155e-04</internalNodes>
      <leafValues>
        -5.1349484920501709e-01 1.2570561468601227e-01</leafValues></_>
    <_>
      <internalNodes>
        0 -1 81 4.9616489559412003e-04</internalNodes>
      <leafValues>
        1.1427322775125504e-01 -5.6718081235885620e-01</leafValues></_>
    <_>
      <internalNodes>
        0 -1 105404 -2.1092422684887424e-05</internalNodes>
      <leafValues>
        1.2588045001029968e-01 -5.2675670385360718e-01</leafValues></_>
    <_>
      <internalNodes>
        0 -1 113367 3.3852583728730679e-03</internalNodes>
      <leafValues>
        1.0424023121595383e-01 -6.3282781839370728e-01</leafValues></_>
    <_>
      <internalNodes>
        0 -1 133264 2.1394742361735553e-05</internalNodes>
      <leafValues>
        -3.5725554823875427e-01 1.7303879559040070e-01</leafValues></_>
    <_>
      <internalNodes>
        0 -1 103655 1.3058183249086142e-03</internalNodes>
      <leafValues>
        -2.9587113857269287e-01 2.1602855622768402e-01</leafValues></_>
    <_>
      <internalNodes>
        0 -1 126998 -1.7518132925033569e-02</internalNodes>
      <leafValues>
        -5.8223897218704224e-01 9.9991939961910248e-02</leafValues></_>
    <_>
      <internalNodes>
        0 -1 57872 -3.2732076942920685e-03</internalNodes>
      <leafValues>
        -6.2019139528274536e-01 7.7796213328838348e-02</leafValues></_>
    <_>
      <internalNodes>
        0 -1 19773 6.2321625649929047e-02</internalNodes>
      <leafValues>
        -1.2561538815498352e-01 4.7693562507629395e-01</leafValues></_>
    <_>
      <internalNodes>
        0 -1 143026 -2.0036091882502660e-05</internalNodes>
      <leafValues>
        1.8081842362880707e-01 -2.8505411744117737e-01</leafValues></_>
    <_>
      <internalNodes>
        0 -1 111024 -2.1482417359948158e-03</internalNodes>
      <leafValues>
        -6.3722622394561768e-01 7.6911531388759613e-02</leafValues></_></weakClassifiers></stage9>
</opencv_storage>
