<?xml version="1.0"?>
<opencv_storage>
<stage0>
  <maxWeakCount>6</maxWeakCount>
  <stageThreshold>-1.9866575002670288e+00</stageThreshold>
  <weakClassifiers>
    <_>
      <internalNodes>
        0 -1 96679 4.8078615218400955e-03</internalNodes>
      <leafValues>
        -8.9617240428924561e-01 7.8315377235412598e-01</leafValues></_>
    <_>
      <internalNodes>
        0 -1 104070 5.3834561258554459e-03</internalNodes>
      <leafValues>
        -7.9557716846466064e-01 6.4658784866333008e-01</leafValues></_>
    <_>
      <internalNodes>
        0 -1 94572 1.3081599026918411e-02</internalNodes>
      <leafValues>
        -6.0729157924652100e-01 5.8096086978912354e-01</leafValues></_>
    <_>
      <internalNodes>
        0 -1 137624 6.9677940336987376e-04</internalNodes>
      <leafValues>
        -6.6047966480255127e-01 2.9410007596015930e-01</leafValues></_>
    <_>
      <internalNodes>
        0 -1 99709 -3.8869295269250870e-02</internalNodes>
      <leafValues>
        6.1247724294662476e-01 -2.4513264000415802e-01</leafValues></_>
    <_>
      <internalNodes>
        0 -1 97169 -1.4748355897609144e-04</internalNodes>
      <leafValues>
        2.6341626048088074e-01 -4.2255282402038574e-01</leafValues></_></weakClassifiers></stage0>
</opencv_storage>
