<?xml version="1.0"?>
<opencv_storage>
<stage5>
  <maxWeakCount>14</maxWeakCount>
  <stageThreshold>-1.7312033176422119e+00</stageThreshold>
  <weakClassifiers>
    <_>
      <internalNodes>
        0 -1 29016 4.1802406311035156e-02</internalNodes>
      <leafValues>
        -4.7851404547691345e-01 6.2000304460525513e-01</leafValues></_>
    <_>
      <internalNodes>
        0 -1 104786 -1.2238936033099890e-03</internalNodes>
      <leafValues>
        3.8663497567176819e-01 -5.7892632484436035e-01</leafValues></_>
    <_>
      <internalNodes>
        0 -1 119345 -1.7431197920814157e-03</internalNodes>
      <leafValues>
        2.1482950448989868e-01 -7.0214611291885376e-01</leafValues></_>
    <_>
      <internalNodes>
        0 -1 119755 2.6090608444064856e-03</internalNodes>
      <leafValues>
        -7.1258622407913208e-01 2.4916489422321320e-01</leafValues></_>
    <_>
      <internalNodes>
        0 -1 141984 -1.7224803566932678e-02</internalNodes>
      <leafValues>
        5.1022511720657349e-01 -3.2892978191375732e-01</leafValues></_>
    <_>
      <internalNodes>
        0 -1 111429 5.8108381927013397e-04</internalNodes>
      <leafValues>
        -4.3222391605377197e-01 3.1897875666618347e-01</leafValues></_>
    <_>
      <internalNodes>
        0 -1 114127 -2.5999415665864944e-03</internalNodes>
      <leafValues>
        3.4206968545913696e-01 -3.2202938199043274e-01</leafValues></_>
    <_>
      <internalNodes>
        0 -1 104748 2.1517698769457638e-05</internalNodes>
      <leafValues>
        -6.2129038572311401e-01 1.7736315727233887e-01</leafValues></_>
    <_>
      <internalNodes>
        0 -1 105191 3.6799041554331779e-03</internalNodes>
      <leafValues>
        1.8370288610458374e-01 -5.9928739070892334e-01</leafValues></_>
    <_>
      <internalNodes>
        0 -1 161 -3.3986452035605907e-04</internalNodes>
      <leafValues>
        -5.7951891422271729e-01 1.5469337999820709e-01</leafValues></_>
    <_>
      <internalNodes>
        0 -1 161 4.7614547656849027e-04</internalNodes>
      <leafValues>
        1.8083129823207855e-01 -6.6418385505676270e-01</leafValues></_>
    <_>
      <internalNodes>
        0 -1 6124 -1.0934549570083618e-01</internalNodes>
      <leafValues>
        6.2358158826828003e-01 -1.3868956267833710e-01</leafValues></_>
    <_>
      <internalNodes>
        0 -1 79960 1.0639699175953865e-03</internalNodes>
      <leafValues>
        -2.8709918260574341e-01 2.7378770709037781e-01</leafValues></_>
    <_>
      <internalNodes>
        0 -1 87737 9.2302006669342518e-04</internalNodes>
      <leafValues>
        -6.9977104663848877e-01 1.1064145714044571e-01</leafValues></_></weakClassifiers></stage5>
</opencv_storage>
