<?xml version="1.0"?>
<opencv_storage>
<stage6>
  <maxWeakCount>18</maxWeakCount>
  <stageThreshold>-1.8068971633911133e+00</stageThreshold>
  <weakClassifiers>
    <_>
      <internalNodes>
        0 -1 102047 3.5768199712038040e-02</internalNodes>
      <leafValues>
        -4.8759269714355469e-01 5.9548932313919067e-01</leafValues></_>
    <_>
      <internalNodes>
        0 -1 137893 2.1649589762091637e-03</internalNodes>
      <leafValues>
        -6.1780172586441040e-01 2.8151175379753113e-01</leafValues></_>
    <_>
      <internalNodes>
        0 -1 104441 1.6078758053481579e-03</internalNodes>
      <leafValues>
        -7.4261301755905151e-01 2.0443226397037506e-01</leafValues></_>
    <_>
      <internalNodes>
        0 -1 88296 -2.1661748178303242e-05</internalNodes>
      <leafValues>
        2.0991379022598267e-01 -5.7261407375335693e-01</leafValues></_>
    <_>
      <internalNodes>
        0 -1 55687 3.7877149879932404e-02</internalNodes>
      <leafValues>
        -1.8817439675331116e-01 5.4557114839553833e-01</leafValues></_>
    <_>
      <internalNodes>
        0 -1 135711 1.1455839872360229e-01</internalNodes>
      <leafValues>
        -1.8039490282535553e-01 6.7228025197982788e-01</leafValues></_>
    <_>
      <internalNodes>
        0 -1 131803 -5.3883553482592106e-04</internalNodes>
      <leafValues>
        2.9501590132713318e-01 -3.9894542098045349e-01</leafValues></_>
    <_>
      <internalNodes>
        0 -1 133288 2.9393535805866122e-04</internalNodes>
      <leafValues>
        -4.2137816548347473e-01 2.2567714750766754e-01</leafValues></_>
    <_>
      <internalNodes>
        0 -1 13713 -5.1160354632884264e-04</internalNodes>
      <leafValues>
        -5.4863250255584717e-01 1.5208394825458527e-01</leafValues></_>
    <_>
      <internalNodes>
        0 -1 13713 3.9444144931621850e-04</internalNodes>
      <leafValues>
        2.4085274338722229e-01 -5.4491353034973145e-01</leafValues></_>
    <_>
      <internalNodes>
        0 -1 96583 1.7142629949375987e-03</internalNodes>
      <leafValues>
        -7.2862231731414795e-01 1.2780010700225830e-01</leafValues></_>
    <_>
      <internalNodes>
        0 -1 125427 -3.4989780397154391e-04</internalNodes>
      <leafValues>
        1.4314703643321991e-01 -5.7737904787063599e-01</leafValues></_>
    <_>
      <internalNodes>
        0 -1 118632 2.1067443303763866e-03</internalNodes>
      <leafValues>
        1.0551772266626358e-01 -6.6526061296463013e-01</leafValues></_>
    <_>
      <internalNodes>
        0 -1 79159 3.7882593460381031e-03</internalNodes>
      <leafValues>
        1.1715542525053024e-01 -6.3512009382247925e-01</leafValues></_>
    <_>
      <internalNodes>
        0 -1 131082 -5.1448598504066467e-02</internalNodes>
      <leafValues>
        3.8999935984611511e-01 -2.0484770834445953e-01</leafValues></_>
    <_>
      <internalNodes>
        0 -1 78271 5.1014753989875317e-04</internalNodes>
      <leafValues>
        -4.0353733301162720e-01 1.8114584684371948e-01</leafValues></_>
    <_>
      <internalNodes>
        0 -1 4468 -1.2556163966655731e-01</internalNodes>
      <leafValues>
        5.6841015815734863e-01 -1.3332600891590118e-01</leafValues></_>
    <_>
      <internalNodes>
        0 -1 111433 2.0965922158211470e-03</internalNodes>
      <leafValues>
        1.2604284286499023e-01 -5.5749523639678955e-01</leafValues></_></weakClassifiers></stage6>
</opencv_storage>
