<?xml version="1.0"?>
<opencv_storage>
<stage4>
  <maxWeakCount>13</maxWeakCount>
  <stageThreshold>-1.7498447895050049e+00</stageThreshold>
  <weakClassifiers>
    <_>
      <internalNodes>
        0 -1 102005 4.0921345353126526e-02</internalNodes>
      <leafValues>
        -5.0370192527770996e-01 5.6471568346023560e-01</leafValues></_>
    <_>
      <internalNodes>
        0 -1 87831 6.1742966063320637e-03</internalNodes>
      <leafValues>
        -6.4094084501266479e-01 4.0039506554603577e-01</leafValues></_>
    <_>
      <internalNodes>
        0 -1 104070 4.8215999267995358e-03</internalNodes>
      <leafValues>
        -7.7145576477050781e-01 2.7019435167312622e-01</leafValues></_>
    <_>
      <internalNodes>
        0 -1 104400 1.0258781258016825e-03</internalNodes>
      <leafValues>
        -8.1084090471267700e-01 1.7955213785171509e-01</leafValues></_>
    <_>
      <internalNodes>
        0 -1 98130 6.2526818364858627e-03</internalNodes>
      <leafValues>
        -4.0042105317115784e-01 3.8629525899887085e-01</leafValues></_>
    <_>
      <internalNodes>
        0 -1 137663 -1.1067434679716825e-03</internalNodes>
      <leafValues>
        2.1910226345062256e-01 -5.7289975881576538e-01</leafValues></_>
    <_>
      <internalNodes>
        0 -1 159832 5.3371698595583439e-04</internalNodes>
      <leafValues>
        1.5135195851325989e-01 -6.3156968355178833e-01</leafValues></_>
    <_>
      <internalNodes>
        0 -1 157756 -5.4390222067013383e-04</internalNodes>
      <leafValues>
        -6.7757606506347656e-01 2.3619757592678070e-01</leafValues></_>
    <_>
      <internalNodes>
        0 -1 71410 -7.5300313532352448e-02</internalNodes>
      <leafValues>
        4.5967623591423035e-01 -2.7646476030349731e-01</leafValues></_>
    <_>
      <internalNodes>
        0 -1 119040 8.4969988092780113e-03</internalNodes>
      <leafValues>
        2.1045087277889252e-01 -6.4994847774505615e-01</leafValues></_>
    <_>
      <internalNodes>
        0 -1 126194 1.7361759673804045e-03</internalNodes>
      <leafValues>
        -7.7010643482208252e-01 1.2355149537324905e-01</leafValues></_>
    <_>
      <internalNodes>
        0 -1 106120 5.5916787823662162e-04</internalNodes>
      <leafValues>
        -3.6957490444183350e-01 2.3613724112510681e-01</leafValues></_>
    <_>
      <internalNodes>
        0 -1 131573 3.3449596958234906e-04</internalNodes>
      <leafValues>
        -4.0057486295700073e-01 2.1956548094749451e-01</leafValues></_></weakClassifiers></stage4>
</opencv_storage>
