<?xml version="1.0"?>
<opencv_storage>
<stage3>
  <maxWeakCount>12</maxWeakCount>
  <stageThreshold>-1.8234732151031494e+00</stageThreshold>
  <weakClassifiers>
    <_>
      <internalNodes>
        0 -1 94572 1.8270395696163177e-02</internalNodes>
      <leafValues>
        -6.4375889301300049e-01 5.1875036954879761e-01</leafValues></_>
    <_>
      <internalNodes>
        0 -1 96463 1.6182742547243834e-03</internalNodes>
      <leafValues>
        -7.8587615489959717e-01 3.8007658720016479e-01</leafValues></_>
    <_>
      <internalNodes>
        0 -1 104443 3.9090542122721672e-03</internalNodes>
      <leafValues>
        -7.6219969987869263e-01 2.7222165465354919e-01</leafValues></_>
    <_>
      <internalNodes>
        0 -1 119783 1.9738732371479273e-03</internalNodes>
      <leafValues>
        -7.9332184791564941e-01 2.3000669479370117e-01</leafValues></_>
    <_>
      <internalNodes>
        0 -1 99709 -4.5344673097133636e-02</internalNodes>
      <leafValues>
        5.7541030645370483e-01 -3.2549521327018738e-01</leafValues></_>
    <_>
      <internalNodes>
        0 -1 44019 1.8693454563617706e-01</internalNodes>
      <leafValues>
        -2.4059137701988220e-01 6.3368403911590576e-01</leafValues></_>
    <_>
      <internalNodes>
        0 -1 113990 -5.4083573631942272e-03</internalNodes>
      <leafValues>
        3.4513661265373230e-01 -3.6295109987258911e-01</leafValues></_>
    <_>
      <internalNodes>
        0 -1 112950 4.7951927408576012e-03</internalNodes>
      <leafValues>
        1.9371873140335083e-01 -6.3724762201309204e-01</leafValues></_>
    <_>
      <internalNodes>
        0 -1 137860 6.2024930957704782e-04</internalNodes>
      <leafValues>
        -6.5364062786102295e-01 1.6552247107028961e-01</leafValues></_>
    <_>
      <internalNodes>
        0 -1 241 -4.0254573104903102e-04</internalNodes>
      <leafValues>
        -5.7234066724777222e-01 1.8113550543785095e-01</leafValues></_>
    <_>
      <internalNodes>
        0 -1 241 4.4259525020606816e-04</internalNodes>
      <leafValues>
        2.5306302309036255e-01 -6.5018045902252197e-01</leafValues></_>
    <_>
      <internalNodes>
        0 -1 104790 2.3017422790871933e-05</internalNodes>
      <leafValues>
        -6.0303348302841187e-01 1.2652343511581421e-01</leafValues></_></weakClassifiers></stage3>
</opencv_storage>
