<?xml version="1.0"?>
<opencv_storage>
<stage2>
  <maxWeakCount>10</maxWeakCount>
  <stageThreshold>-1.9253984689712524e+00</stageThreshold>
  <weakClassifiers>
    <_>
      <internalNodes>
        0 -1 96315 -6.7250104621052742e-03</internalNodes>
      <leafValues>
        5.4857289791107178e-01 -7.1528404951095581e-01</leafValues></_>
    <_>
      <internalNodes>
        0 -1 104441 2.0465166307985783e-03</internalNodes>
      <leafValues>
        -7.6631325483322144e-01 4.0740376710891724e-01</leafValues></_>
    <_>
      <internalNodes>
        0 -1 102004 2.6411607861518860e-02</internalNodes>
      <leafValues>
        -5.0293475389480591e-01 5.6509596109390259e-01</leafValues></_>
    <_>
      <internalNodes>
        0 -1 87459 1.3220209628343582e-02</internalNodes>
      <leafValues>
        -7.1177810430526733e-01 3.9838033914566040e-01</leafValues></_>
    <_>
      <internalNodes>
        0 -1 119345 -8.0867868382483721e-04</internalNodes>
      <leafValues>
        2.2102563083171844e-01 -6.7683261632919312e-01</leafValues></_>
    <_>
      <internalNodes>
        0 -1 111947 -1.3820347376167774e-03</internalNodes>
      <leafValues>
        3.3549109101295471e-01 -4.2162600159645081e-01</leafValues></_>
    <_>
      <internalNodes>
        0 -1 137624 6.9446116685867310e-04</internalNodes>
      <leafValues>
        -7.7982318401336670e-01 1.6313111782073975e-01</leafValues></_>
    <_>
      <internalNodes>
        0 -1 80179 1.5295846387743950e-02</internalNodes>
      <leafValues>
        -2.9866194725036621e-01 4.6914356946945190e-01</leafValues></_>
    <_>
      <internalNodes>
        0 -1 61950 -7.6044984161853790e-02</internalNodes>
      <leafValues>
        5.8202946186065674e-01 -2.1368628740310669e-01</leafValues></_>
    <_>
      <internalNodes>
        0 -1 161240 -3.0976068228483200e-04</internalNodes>
      <leafValues>
        -5.4654639959335327e-01 2.2141668200492859e-01</leafValues></_></weakClassifiers></stage2>
</opencv_storage>
