<?xml version="1.0"?>
<opencv_storage>
<stage7>
  <maxWeakCount>17</maxWeakCount>
  <stageThreshold>-1.6641563177108765e+00</stageThreshold>
  <weakClassifiers>
    <_>
      <internalNodes>
        0 -1 108920 -4.8440732061862946e-02</internalNodes>
      <leafValues>
        5.5565708875656128e-01 -4.1987019777297974e-01</leafValues></_>
    <_>
      <internalNodes>
        0 -1 87619 1.9214812200516462e-03</internalNodes>
      <leafValues>
        -5.5585438013076782e-01 2.7147388458251953e-01</leafValues></_>
    <_>
      <internalNodes>
        0 -1 112579 1.1420057489885949e-05</internalNodes>
      <leafValues>
        -7.0317465066909790e-01 1.7933756113052368e-01</leafValues></_>
    <_>
      <internalNodes>
        0 -1 88054 2.4314098991453648e-03</internalNodes>
      <leafValues>
        2.1581110358238220e-01 -6.9949233531951904e-01</leafValues></_>
    <_>
      <internalNodes>
        0 -1 103850 4.4580390676856041e-03</internalNodes>
      <leafValues>
        -3.9219355583190918e-01 3.1504848599433899e-01</leafValues></_>
    <_>
      <internalNodes>
        0 -1 80179 1.9002106040716171e-02</internalNodes>
      <leafValues>
        -2.9199233651161194e-01 4.2973685264587402e-01</leafValues></_>
    <_>
      <internalNodes>
        0 -1 126965 6.1077781720086932e-04</internalNodes>
      <leafValues>
        1.3543766736984253e-01 -6.7646366357803345e-01</leafValues></_>
    <_>
      <internalNodes>
        0 -1 155368 5.2797107491642237e-04</internalNodes>
      <leafValues>
        1.5470540523529053e-01 -5.9594786167144775e-01</leafValues></_>
    <_>
      <internalNodes>
        0 -1 155388 -3.9491761708632112e-04</internalNodes>
      <leafValues>
        -6.2215769290924072e-01 2.4632926285266876e-01</leafValues></_>
    <_>
      <internalNodes>
        0 -1 112170 7.7045720536261797e-04</internalNodes>
      <leafValues>
        -5.5386054515838623e-01 1.5785291790962219e-01</leafValues></_>
    <_>
      <internalNodes>
        0 -1 119475 -7.2962008416652679e-03</internalNodes>
      <leafValues>
        -7.0778334140777588e-01 1.5070037543773651e-01</leafValues></_>
    <_>
      <internalNodes>
        0 -1 105670 -2.1216656023170799e-05</internalNodes>
      <leafValues>
        1.3562077283859253e-01 -5.0430929660797119e-01</leafValues></_>
    <_>
      <internalNodes>
        0 -1 106381 -8.1996629014611244e-03</internalNodes>
      <leafValues>
        2.5588476657867432e-01 -3.1119337677955627e-01</leafValues></_>
    <_>
      <internalNodes>
        0 -1 85843 -1.1294888281554449e-05</internalNodes>
      <leafValues>
        1.9061940908432007e-01 -4.0240398049354553e-01</leafValues></_>
    <_>
      <internalNodes>
        0 -1 13553 -3.5819114418700337e-04</internalNodes>
      <leafValues>
        -4.7668051719665527e-01 1.5579518675804138e-01</leafValues></_>
    <_>
      <internalNodes>
        0 -1 13553 3.6293588345870376e-04</internalNodes>
      <leafValues>
        1.7959599196910858e-01 -5.0808995962142944e-01</leafValues></_>
    <_>
      <internalNodes>
        0 -1 126429 8.0103246727958322e-04</internalNodes>
      <leafValues>
        -6.8907964229583740e-01 8.1374712288379669e-02</leafValues></_></weakClassifiers></stage7>
</opencv_storage>
